transaction_id,account_id,date,amount,transaction_type
TXN1,ACC1003,2023-01-01 00:00:00,2403.89,Debit
TXN2,ACC1001,2023-01-01 01:00:00,3746.97,Credit
TXN3,ACC1003,2023-01-01 02:00:00,4371.98,Debit
TXN4,ACC1003,2023-01-01 03:00:00,2224.91,Credit
TXN5,ACC1001,2023-01-01 04:00:00,313.94,Debit
TXN6,ACC1001,2023-01-01 05:00:00,892.2,Debit
TXN7,ACC1003,2023-01-01 06:00:00,202.22,Debit
TXN8,ACC1002,2023-01-01 07:00:00,3300.99,Credit
TXN9,ACC1003,2023-01-01 08:00:00,1728.34,Credit
TXN10,ACC1003,2023-01-01 09:00:00,2758.15,Credit
TXN11,ACC1003,2023-01-01 10:00:00,2517.06,Credit
TXN12,ACC1003,2023-01-01 11:00:00,499.48,Debit
TXN13,ACC1001,2023-01-01 12:00:00,2075.98,Debit
TXN14,ACC1003,2023-01-01 13:00:00,1180.75,Credit
TXN15,ACC1002,2023-01-01 14:00:00,2150.16,Credit
TXN16,ACC1001,2023-01-01 15:00:00,1097.53,Credit
TXN17,ACC1002,2023-01-01 16:00:00,4218.22,Debit
TXN18,ACC1002,2023-01-01 17:00:00,953.55,Credit
TXN19,ACC1002,2023-01-01 18:00:00,4807.82,Credit
TXN20,ACC1002,2023-01-01 19:00:00,2137.95,Debit
TXN21,ACC1001,2023-01-01 20:00:00,4246.6,Debit
TXN22,ACC1001,2023-01-01 21:00:00,3180.95,Credit
TXN23,ACC1002,2023-01-01 22:00:00,3703.22,Debit
TXN24,ACC1002,2023-01-01 23:00:00,3861.85,Credit
TXN25,ACC1001,2023-01-02 00:00:00,2573.74,Debit
TXN26,ACC1001,2023-01-02 01:00:00,2762.17,Credit
TXN27,ACC1001,2023-01-02 02:00:00,2618.58,Credit
TXN28,ACC1003,2023-01-02 03:00:00,2981.49,Credit
TXN29,ACC1003,2023-01-02 04:00:00,244.03,Credit
TXN30,ACC1003,2023-01-02 05:00:00,2038.02,Debit
TXN31,ACC1002,2023-01-02 06:00:00,3070.32,Debit
TXN32,ACC1003,2023-01-02 07:00:00,3028.85,Debit
TXN33,ACC1002,2023-01-02 08:00:00,3985.48,Debit
TXN34,ACC1002,2023-01-02 09:00:00,3309.55,Credit
TXN35,ACC1003,2023-01-02 10:00:00,4961.45,Credit
TXN36,ACC1002,2023-01-02 11:00:00,1490.89,Debit
TXN37,ACC1003,2023-01-02 12:00:00,1859.84,Debit
TXN38,ACC1003,2023-01-02 13:00:00,1980.85,Debit
TXN39,ACC1001,2023-01-02 14:00:00,2382.48,Debit
TXN40,ACC1003,2023-01-02 15:00:00,4196.39,Debit
TXN41,ACC1001,2023-01-02 16:00:00,1255.38,Credit
TXN42,ACC1003,2023-01-02 17:00:00,3902.4,Credit
TXN43,ACC1003,2023-01-02 18:00:00,2086.02,Credit
TXN44,ACC1001,2023-01-02 19:00:00,3049.09,Debit
TXN45,ACC1001,2023-01-02 20:00:00,3199.45,Debit
TXN46,ACC1003,2023-01-02 21:00:00,1926.96,Debit
TXN47,ACC1002,2023-01-02 22:00:00,2611.81,Debit
TXN48,ACC1001,2023-01-02 23:00:00,2123.85,Credit
TXN49,ACC1002,2023-01-03 00:00:00,438.75,Credit
TXN50,ACC1002,2023-01-03 01:00:00,2242.11,Debit
TXN51,ACC1002,2023-01-03 02:00:00,577.23,Credit
TXN52,ACC1001,2023-01-03 03:00:00,2084.6,Credit
TXN53,ACC1002,2023-01-03 04:00:00,3005.3,Debit
TXN54,ACC1001,2023-01-03 05:00:00,2939.13,Debit
TXN55,ACC1002,2023-01-03 06:00:00,3346.84,Debit
TXN56,ACC1003,2023-01-03 07:00:00,566.78,Debit
TXN57,ACC1003,2023-01-03 08:00:00,3295.4,Debit
TXN58,ACC1001,2023-01-03 09:00:00,1629.53,Debit
TXN59,ACC1003,2023-01-03 10:00:00,2055.33,Credit
TXN60,ACC1003,2023-01-03 11:00:00,4304.13,Credit
TXN61,ACC1002,2023-01-03 12:00:00,144.25,Debit
TXN62,ACC1001,2023-01-03 13:00:00,2983.22,Credit
TXN63,ACC1002,2023-01-03 14:00:00,3033.7,Debit
TXN64,ACC1002,2023-01-03 15:00:00,2043.63,Debit
TXN65,ACC1002,2023-01-03 16:00:00,1261.44,Debit
TXN66,ACC1002,2023-01-03 17:00:00,1249.9,Debit
TXN67,ACC1002,2023-01-03 18:00:00,4430.18,Credit
TXN68,ACC1002,2023-01-03 19:00:00,2265.92,Debit
TXN69,ACC1002,2023-01-03 20:00:00,1721.36,Credit
TXN70,ACC1001,2023-01-03 21:00:00,2299.01,Debit
TXN71,ACC1003,2023-01-03 22:00:00,3380.01,Debit
TXN72,ACC1002,2023-01-03 23:00:00,814.21,Debit
TXN73,ACC1002,2023-01-04 00:00:00,2302.23,Credit
TXN74,ACC1002,2023-01-04 01:00:00,2980.63,Debit
TXN75,ACC1002,2023-01-04 02:00:00,4748.06,Debit
TXN76,ACC1002,2023-01-04 03:00:00,1337.39,Debit
TXN77,ACC1002,2023-01-04 04:00:00,1860.33,Credit
TXN78,ACC1003,2023-01-04 05:00:00,1958.86,Credit
TXN79,ACC1003,2023-01-04 06:00:00,3067.14,Credit
TXN80,ACC1002,2023-01-04 07:00:00,1847.99,Debit
TXN81,ACC1003,2023-01-04 08:00:00,2714.21,Credit
TXN82,ACC1001,2023-01-04 09:00:00,3930.77,Debit
TXN83,ACC1002,2023-01-04 10:00:00,3556.39,Credit
TXN84,ACC1001,2023-01-04 11:00:00,2287.21,Credit
TXN85,ACC1001,2023-01-04 12:00:00,4334.66,Debit
TXN86,ACC1002,2023-01-04 13:00:00,2834.89,Credit
TXN87,ACC1003,2023-01-04 14:00:00,2745.54,Debit
TXN88,ACC1001,2023-01-04 15:00:00,267.52,Debit
TXN89,ACC1002,2023-01-04 16:00:00,4934.8,Credit
TXN90,ACC1001,2023-01-04 17:00:00,702.56,Debit
TXN91,ACC1001,2023-01-04 18:00:00,1232.54,Debit
TXN92,ACC1001,2023-01-04 19:00:00,353.31,Credit
TXN93,ACC1001,2023-01-04 20:00:00,3236.01,Credit
TXN94,ACC1003,2023-01-04 21:00:00,1201.04,Debit
TXN95,ACC1001,2023-01-04 22:00:00,982.05,Credit
TXN96,ACC1001,2023-01-04 23:00:00,533.92,Debit
TXN97,ACC1001,2023-01-05 00:00:00,606.21,Debit
TXN98,ACC1003,2023-01-05 01:00:00,2964.89,Credit
TXN99,ACC1001,2023-01-05 02:00:00,3472.22,Credit
TXN100,ACC1001,2023-01-05 03:00:00,2047.16,Credit
TXN101,ACC1003,2023-01-05 04:00:00,2451.5,Credit
TXN102,ACC1003,2023-01-05 05:00:00,3461.24,Debit
TXN103,ACC1003,2023-01-05 06:00:00,185.16,Debit
TXN104,ACC1001,2023-01-05 07:00:00,1683.34,Credit
TXN105,ACC1003,2023-01-05 08:00:00,4868.18,Credit
TXN106,ACC1003,2023-01-05 09:00:00,2942.55,Debit
TXN107,ACC1001,2023-01-05 10:00:00,1345.7,Debit
TXN108,ACC1003,2023-01-05 11:00:00,2656.48,Debit
TXN109,ACC1001,2023-01-05 12:00:00,1779.0,Debit
TXN110,ACC1002,2023-01-05 13:00:00,2708.0,Credit
TXN111,ACC1003,2023-01-05 14:00:00,716.13,Debit
TXN112,ACC1002,2023-01-05 15:00:00,750.3,Debit
TXN113,ACC1001,2023-01-05 16:00:00,803.36,Credit
TXN114,ACC1003,2023-01-05 17:00:00,4705.12,Debit
TXN115,ACC1001,2023-01-05 18:00:00,3691.2,Debit
TXN116,ACC1002,2023-01-05 19:00:00,895.67,Credit
TXN117,ACC1001,2023-01-05 20:00:00,1022.91,Credit
TXN118,ACC1003,2023-01-05 21:00:00,3681.06,Credit
TXN119,ACC1003,2023-01-05 22:00:00,865.2,Debit
TXN120,ACC1002,2023-01-05 23:00:00,1249.35,Debit
TXN121,ACC1001,2023-01-06 00:00:00,4820.4,Credit
TXN122,ACC1003,2023-01-06 01:00:00,1351.0,Credit
TXN123,ACC1002,2023-01-06 02:00:00,3342.0,Debit
TXN124,ACC1003,2023-01-06 03:00:00,4895.29,Credit
TXN125,ACC1003,2023-01-06 04:00:00,1934.05,Credit
TXN126,ACC1001,2023-01-06 05:00:00,185.83,Credit
TXN127,ACC1003,2023-01-06 06:00:00,1296.32,Debit
TXN128,ACC1001,2023-01-06 07:00:00,4171.3,Debit
TXN129,ACC1003,2023-01-06 08:00:00,4336.58,Debit
TXN130,ACC1002,2023-01-06 09:00:00,3865.74,Debit
TXN131,ACC1003,2023-01-06 10:00:00,654.24,Debit
TXN132,ACC1001,2023-01-06 11:00:00,3998.0,Debit
TXN133,ACC1001,2023-01-06 12:00:00,4601.52,Credit
TXN134,ACC1002,2023-01-06 13:00:00,3042.99,Debit
TXN135,ACC1003,2023-01-06 14:00:00,4710.29,Debit
TXN136,ACC1003,2023-01-06 15:00:00,4151.51,Credit
TXN137,ACC1002,2023-01-06 16:00:00,3368.16,Debit
TXN138,ACC1003,2023-01-06 17:00:00,2928.21,Debit
TXN139,ACC1003,2023-01-06 18:00:00,1808.01,Credit
TXN140,ACC1001,2023-01-06 19:00:00,880.51,Credit
TXN141,ACC1003,2023-01-06 20:00:00,3064.27,Credit
TXN142,ACC1003,2023-01-06 21:00:00,1658.75,Debit
TXN143,ACC1002,2023-01-06 22:00:00,4345.55,Credit
TXN144,ACC1002,2023-01-06 23:00:00,4967.35,Debit
TXN145,ACC1001,2023-01-07 00:00:00,3786.9,Debit
TXN146,ACC1003,2023-01-07 01:00:00,543.36,Debit
TXN147,ACC1003,2023-01-07 02:00:00,1514.56,Debit
TXN148,ACC1003,2023-01-07 03:00:00,634.64,Credit
TXN149,ACC1001,2023-01-07 04:00:00,3287.51,Credit
TXN150,ACC1001,2023-01-07 05:00:00,3849.44,Debit
TXN151,ACC1002,2023-01-07 06:00:00,4635.81,Credit
TXN152,ACC1001,2023-01-07 07:00:00,2247.04,Debit
TXN153,ACC1003,2023-01-07 08:00:00,4516.74,Debit
TXN154,ACC1003,2023-01-07 09:00:00,4401.67,Debit
TXN155,ACC1001,2023-01-07 10:00:00,1654.26,Credit
TXN156,ACC1003,2023-01-07 11:00:00,4357.61,Debit
TXN157,ACC1003,2023-01-07 12:00:00,1940.79,Debit
TXN158,ACC1001,2023-01-07 13:00:00,1554.66,Credit
TXN159,ACC1001,2023-01-07 14:00:00,3280.47,Credit
TXN160,ACC1003,2023-01-07 15:00:00,1709.07,Credit
TXN161,ACC1003,2023-01-07 16:00:00,3188.02,Credit
TXN162,ACC1003,2023-01-07 17:00:00,3088.18,Debit
TXN163,ACC1002,2023-01-07 18:00:00,2860.85,Credit
TXN164,ACC1002,2023-01-07 19:00:00,1964.06,Debit
TXN165,ACC1002,2023-01-07 20:00:00,2787.65,Credit
TXN166,ACC1001,2023-01-07 21:00:00,3022.78,Credit
TXN167,ACC1002,2023-01-07 22:00:00,2773.87,Credit
TXN168,ACC1001,2023-01-07 23:00:00,2277.66,Credit
TXN169,ACC1001,2023-01-08 00:00:00,171.87,Credit
TXN170,ACC1002,2023-01-08 01:00:00,2976.6,Credit
TXN171,ACC1002,2023-01-08 02:00:00,925.38,Debit
TXN172,ACC1002,2023-01-08 03:00:00,3248.62,Credit
TXN173,ACC1003,2023-01-08 04:00:00,3820.79,Credit
TXN174,ACC1002,2023-01-08 05:00:00,2552.18,Credit
TXN175,ACC1003,2023-01-08 06:00:00,2757.58,Credit
TXN176,ACC1001,2023-01-08 07:00:00,4762.24,Debit
TXN177,ACC1003,2023-01-08 08:00:00,4251.12,Credit
TXN178,ACC1002,2023-01-08 09:00:00,4579.76,Credit
TXN179,ACC1001,2023-01-08 10:00:00,4087.45,Credit
TXN180,ACC1001,2023-01-08 11:00:00,633.7,Credit
TXN181,ACC1001,2023-01-08 12:00:00,830.06,Debit
TXN182,ACC1003,2023-01-08 13:00:00,2680.46,Credit
TXN183,ACC1002,2023-01-08 14:00:00,1305.74,Debit
TXN184,ACC1001,2023-01-08 15:00:00,2435.81,Credit
TXN185,ACC1001,2023-01-08 16:00:00,2032.39,Debit
TXN186,ACC1001,2023-01-08 17:00:00,2792.13,Debit
TXN187,ACC1003,2023-01-08 18:00:00,3759.69,Credit
TXN188,ACC1003,2023-01-08 19:00:00,3605.91,Credit
TXN189,ACC1002,2023-01-08 20:00:00,2654.05,Debit
TXN190,ACC1003,2023-01-08 21:00:00,4129.73,Debit
TXN191,ACC1001,2023-01-08 22:00:00,2211.22,Credit
TXN192,ACC1002,2023-01-08 23:00:00,4493.9,Debit
TXN193,ACC1001,2023-01-09 00:00:00,449.27,Debit
TXN194,ACC1001,2023-01-09 01:00:00,4777.83,Debit
TXN195,ACC1003,2023-01-09 02:00:00,3308.0,Credit
TXN196,ACC1002,2023-01-09 03:00:00,1962.37,Debit
TXN197,ACC1003,2023-01-09 04:00:00,1066.06,Debit
TXN198,ACC1003,2023-01-09 05:00:00,2448.0,Debit
TXN199,ACC1002,2023-01-09 06:00:00,1053.34,Credit
TXN200,ACC1001,2023-01-09 07:00:00,915.02,Credit
TXN201,ACC1001,2023-01-09 08:00:00,3125.02,Debit
TXN202,ACC1002,2023-01-09 09:00:00,2663.12,Credit
TXN203,ACC1001,2023-01-09 10:00:00,3383.47,Debit
TXN204,ACC1002,2023-01-09 11:00:00,4655.07,Credit
TXN205,ACC1002,2023-01-09 12:00:00,2708.08,Credit
TXN206,ACC1003,2023-01-09 13:00:00,2946.57,Debit
TXN207,ACC1002,2023-01-09 14:00:00,539.17,Credit
TXN208,ACC1003,2023-01-09 15:00:00,3616.42,Credit
TXN209,ACC1001,2023-01-09 16:00:00,2059.54,Credit
TXN210,ACC1001,2023-01-09 17:00:00,4885.95,Debit
TXN211,ACC1001,2023-01-09 18:00:00,4133.55,Credit
TXN212,ACC1001,2023-01-09 19:00:00,2660.16,Credit
TXN213,ACC1003,2023-01-09 20:00:00,703.79,Debit
TXN214,ACC1001,2023-01-09 21:00:00,4311.14,Credit
TXN215,ACC1002,2023-01-09 22:00:00,4018.93,Credit
TXN216,ACC1002,2023-01-09 23:00:00,1004.47,Credit
TXN217,ACC1002,2023-01-10 00:00:00,1546.86,Credit
TXN218,ACC1003,2023-01-10 01:00:00,3987.7,Credit
TXN219,ACC1001,2023-01-10 02:00:00,1007.62,Debit
TXN220,ACC1001,2023-01-10 03:00:00,4596.99,Debit
TXN221,ACC1001,2023-01-10 04:00:00,2180.18,Credit
TXN222,ACC1003,2023-01-10 05:00:00,526.49,Credit
TXN223,ACC1002,2023-01-10 06:00:00,4097.17,Credit
TXN224,ACC1002,2023-01-10 07:00:00,1930.2,Debit
TXN225,ACC1001,2023-01-10 08:00:00,2679.85,Debit
TXN226,ACC1002,2023-01-10 09:00:00,650.29,Credit
TXN227,ACC1002,2023-01-10 10:00:00,112.66,Credit
TXN228,ACC1003,2023-01-10 11:00:00,3226.13,Debit
TXN229,ACC1003,2023-01-10 12:00:00,2624.36,Credit
TXN230,ACC1003,2023-01-10 13:00:00,3008.34,Debit
TXN231,ACC1003,2023-01-10 14:00:00,3989.34,Debit
TXN232,ACC1001,2023-01-10 15:00:00,3268.37,Credit
TXN233,ACC1003,2023-01-10 16:00:00,956.39,Debit
TXN234,ACC1002,2023-01-10 17:00:00,1867.79,Credit
TXN235,ACC1001,2023-01-10 18:00:00,4538.87,Credit
TXN236,ACC1002,2023-01-10 19:00:00,3872.73,Credit
TXN237,ACC1002,2023-01-10 20:00:00,2827.52,Credit
TXN238,ACC1002,2023-01-10 21:00:00,1352.66,Credit
TXN239,ACC1003,2023-01-10 22:00:00,1580.1,Credit
TXN240,ACC1003,2023-01-10 23:00:00,3686.59,Debit
TXN241,ACC1001,2023-01-11 00:00:00,4270.75,Debit
TXN242,ACC1001,2023-01-11 01:00:00,3389.98,Debit
TXN243,ACC1003,2023-01-11 02:00:00,4066.7,Debit
TXN244,ACC1002,2023-01-11 03:00:00,3856.62,Credit
TXN245,ACC1001,2023-01-11 04:00:00,833.55,Debit
TXN246,ACC1003,2023-01-11 05:00:00,2177.33,Debit
TXN247,ACC1003,2023-01-11 06:00:00,849.62,Debit
TXN248,ACC1003,2023-01-11 07:00:00,1252.65,Credit
TXN249,ACC1002,2023-01-11 08:00:00,4359.37,Debit
TXN250,ACC1003,2023-01-11 09:00:00,2417.17,Credit
TXN251,ACC1003,2023-01-11 10:00:00,2723.25,Debit
TXN252,ACC1003,2023-01-11 11:00:00,974.39,Credit
TXN253,ACC1003,2023-01-11 12:00:00,1630.13,Credit
TXN254,ACC1001,2023-01-11 13:00:00,1228.21,Debit
TXN255,ACC1001,2023-01-11 14:00:00,1110.31,Credit
TXN256,ACC1003,2023-01-11 15:00:00,3226.01,Credit
TXN257,ACC1002,2023-01-11 16:00:00,1358.73,Debit
TXN258,ACC1001,2023-01-11 17:00:00,3196.88,Debit
TXN259,ACC1003,2023-01-11 18:00:00,386.43,Debit
TXN260,ACC1001,2023-01-11 19:00:00,794.69,Credit
TXN261,ACC1001,2023-01-11 20:00:00,1445.25,Credit
TXN262,ACC1002,2023-01-11 21:00:00,3025.53,Credit
TXN263,ACC1003,2023-01-11 22:00:00,3411.62,Debit
TXN264,ACC1003,2023-01-11 23:00:00,2269.31,Credit
TXN265,ACC1002,2023-01-12 00:00:00,2284.38,Credit
TXN266,ACC1002,2023-01-12 01:00:00,3650.13,Credit
TXN267,ACC1003,2023-01-12 02:00:00,177.52,Credit
TXN268,ACC1003,2023-01-12 03:00:00,1771.34,Credit
TXN269,ACC1002,2023-01-12 04:00:00,4111.66,Credit
TXN270,ACC1001,2023-01-12 05:00:00,3055.78,Credit
TXN271,ACC1001,2023-01-12 06:00:00,1752.41,Debit
TXN272,ACC1002,2023-01-12 07:00:00,4537.07,Debit
TXN273,ACC1001,2023-01-12 08:00:00,3885.85,Debit
TXN274,ACC1002,2023-01-12 09:00:00,1397.99,Credit
TXN275,ACC1001,2023-01-12 10:00:00,3261.92,Credit
TXN276,ACC1001,2023-01-12 11:00:00,3019.18,Debit
TXN277,ACC1003,2023-01-12 12:00:00,2065.82,Credit
TXN278,ACC1003,2023-01-12 13:00:00,1898.08,Debit
TXN279,ACC1001,2023-01-12 14:00:00,1783.45,Credit
TXN280,ACC1001,2023-01-12 15:00:00,3124.06,Credit
TXN281,ACC1003,2023-01-12 16:00:00,2267.81,Debit
TXN282,ACC1003,2023-01-12 17:00:00,4176.13,Debit
TXN283,ACC1003,2023-01-12 18:00:00,3381.05,Debit
TXN284,ACC1002,2023-01-12 19:00:00,442.66,Debit
TXN285,ACC1001,2023-01-12 20:00:00,3236.82,Debit
TXN286,ACC1003,2023-01-12 21:00:00,1428.62,Credit
TXN287,ACC1001,2023-01-12 22:00:00,3004.78,Credit
TXN288,ACC1002,2023-01-12 23:00:00,3432.65,Credit
TXN289,ACC1002,2023-01-13 00:00:00,1231.06,Debit
TXN290,ACC1003,2023-01-13 01:00:00,2338.61,Debit
TXN291,ACC1002,2023-01-13 02:00:00,1032.59,Debit
TXN292,ACC1001,2023-01-13 03:00:00,356.46,Debit
TXN293,ACC1003,2023-01-13 04:00:00,1954.53,Debit
TXN294,ACC1001,2023-01-13 05:00:00,1878.43,Debit
TXN295,ACC1001,2023-01-13 06:00:00,4977.85,Credit
TXN296,ACC1002,2023-01-13 07:00:00,2287.13,Credit
TXN297,ACC1002,2023-01-13 08:00:00,1734.49,Credit
TXN298,ACC1002,2023-01-13 09:00:00,2944.33,Credit
TXN299,ACC1002,2023-01-13 10:00:00,534.96,Credit
TXN300,ACC1002,2023-01-13 11:00:00,4812.16,Debit
TXN301,ACC1003,2023-01-13 12:00:00,3211.3,Debit
TXN302,ACC1001,2023-01-13 13:00:00,3798.71,Debit
TXN303,ACC1001,2023-01-13 14:00:00,935.34,Debit
TXN304,ACC1001,2023-01-13 15:00:00,2106.44,Debit
TXN305,ACC1001,2023-01-13 16:00:00,2171.18,Debit
TXN306,ACC1002,2023-01-13 17:00:00,4126.85,Credit
TXN307,ACC1001,2023-01-13 18:00:00,106.06,Debit
TXN308,ACC1003,2023-01-13 19:00:00,1574.18,Debit
TXN309,ACC1003,2023-01-13 20:00:00,4908.06,Debit
TXN310,ACC1001,2023-01-13 21:00:00,2426.94,Debit
TXN311,ACC1001,2023-01-13 22:00:00,1974.38,Credit
TXN312,ACC1003,2023-01-13 23:00:00,687.16,Credit
TXN313,ACC1003,2023-01-14 00:00:00,4873.41,Debit
TXN314,ACC1002,2023-01-14 01:00:00,198.13,Credit
TXN315,ACC1003,2023-01-14 02:00:00,3712.18,Credit
TXN316,ACC1002,2023-01-14 03:00:00,3866.14,Debit
TXN317,ACC1002,2023-01-14 04:00:00,1293.92,Debit
TXN318,ACC1002,2023-01-14 05:00:00,3390.64,Debit
TXN319,ACC1002,2023-01-14 06:00:00,555.35,Debit
TXN320,ACC1002,2023-01-14 07:00:00,1359.53,Debit
TXN321,ACC1001,2023-01-14 08:00:00,3960.72,Credit
TXN322,ACC1003,2023-01-14 09:00:00,4336.96,Debit
TXN323,ACC1002,2023-01-14 10:00:00,3081.58,Debit
TXN324,ACC1003,2023-01-14 11:00:00,2583.51,Debit
TXN325,ACC1003,2023-01-14 12:00:00,880.59,Credit
TXN326,ACC1002,2023-01-14 13:00:00,409.23,Debit
TXN327,ACC1001,2023-01-14 14:00:00,676.48,Debit
TXN328,ACC1002,2023-01-14 15:00:00,1214.05,Debit
TXN329,ACC1001,2023-01-14 16:00:00,1774.21,Credit
TXN330,ACC1003,2023-01-14 17:00:00,1966.46,Debit
TXN331,ACC1001,2023-01-14 18:00:00,1796.98,Debit
TXN332,ACC1001,2023-01-14 19:00:00,1271.37,Debit
TXN333,ACC1001,2023-01-14 20:00:00,2597.65,Credit
TXN334,ACC1003,2023-01-14 21:00:00,4143.9,Debit
TXN335,ACC1003,2023-01-14 22:00:00,1470.55,Debit
TXN336,ACC1001,2023-01-14 23:00:00,4717.7,Debit
TXN337,ACC1001,2023-01-15 00:00:00,4379.35,Credit
TXN338,ACC1002,2023-01-15 01:00:00,892.64,Debit
TXN339,ACC1001,2023-01-15 02:00:00,3952.75,Debit
TXN340,ACC1002,2023-01-15 03:00:00,2915.48,Debit
TXN341,ACC1001,2023-01-15 04:00:00,2876.22,Credit
TXN342,ACC1002,2023-01-15 05:00:00,2016.11,Credit
TXN343,ACC1003,2023-01-15 06:00:00,2555.65,Debit
TXN344,ACC1001,2023-01-15 07:00:00,2046.18,Credit
TXN345,ACC1001,2023-01-15 08:00:00,2744.69,Credit
TXN346,ACC1001,2023-01-15 09:00:00,3176.96,Credit
TXN347,ACC1001,2023-01-15 10:00:00,3404.09,Debit
TXN348,ACC1002,2023-01-15 11:00:00,2709.16,Debit
TXN349,ACC1001,2023-01-15 12:00:00,3634.97,Credit
TXN350,ACC1003,2023-01-15 13:00:00,792.26,Credit
TXN351,ACC1003,2023-01-15 14:00:00,1138.71,Credit
TXN352,ACC1001,2023-01-15 15:00:00,4111.8,Debit
TXN353,ACC1003,2023-01-15 16:00:00,1680.39,Debit
TXN354,ACC1001,2023-01-15 17:00:00,212.18,Credit
TXN355,ACC1001,2023-01-15 18:00:00,853.58,Credit
TXN356,ACC1003,2023-01-15 19:00:00,1195.71,Credit
TXN357,ACC1001,2023-01-15 20:00:00,4790.88,Credit
TXN358,ACC1003,2023-01-15 21:00:00,2907.9,Debit
TXN359,ACC1002,2023-01-15 22:00:00,4670.38,Credit
TXN360,ACC1001,2023-01-15 23:00:00,2918.3,Debit
TXN361,ACC1002,2023-01-16 00:00:00,2448.84,Credit
TXN362,ACC1003,2023-01-16 01:00:00,1637.27,Credit
TXN363,ACC1002,2023-01-16 02:00:00,3071.22,Credit
TXN364,ACC1002,2023-01-16 03:00:00,782.07,Credit
TXN365,ACC1003,2023-01-16 04:00:00,4501.48,Credit
TXN366,ACC1002,2023-01-16 05:00:00,4163.73,Debit
TXN367,ACC1002,2023-01-16 06:00:00,1655.9,Credit
TXN368,ACC1003,2023-01-16 07:00:00,4768.71,Credit
TXN369,ACC1002,2023-01-16 08:00:00,4143.48,Credit
TXN370,ACC1003,2023-01-16 09:00:00,3364.9,Debit
TXN371,ACC1002,2023-01-16 10:00:00,696.63,Debit
TXN372,ACC1003,2023-01-16 11:00:00,2443.35,Debit
TXN373,ACC1003,2023-01-16 12:00:00,2579.93,Debit
TXN374,ACC1002,2023-01-16 13:00:00,1239.5,Credit
TXN375,ACC1002,2023-01-16 14:00:00,491.83,Credit
TXN376,ACC1002,2023-01-16 15:00:00,3905.95,Credit
TXN377,ACC1001,2023-01-16 16:00:00,697.97,Debit
TXN378,ACC1001,2023-01-16 17:00:00,3012.02,Credit
TXN379,ACC1001,2023-01-16 18:00:00,4688.6,Credit
TXN380,ACC1003,2023-01-16 19:00:00,4392.92,Debit
TXN381,ACC1002,2023-01-16 20:00:00,1460.99,Debit
TXN382,ACC1003,2023-01-16 21:00:00,4272.1,Debit
TXN383,ACC1001,2023-01-16 22:00:00,101.63,Credit
TXN384,ACC1002,2023-01-16 23:00:00,186.67,Credit
TXN385,ACC1003,2023-01-17 00:00:00,3052.51,Debit
TXN386,ACC1002,2023-01-17 01:00:00,1887.51,Credit
TXN387,ACC1003,2023-01-17 02:00:00,1993.66,Debit
TXN388,ACC1002,2023-01-17 03:00:00,2865.76,Debit
TXN389,ACC1001,2023-01-17 04:00:00,1039.73,Credit
TXN390,ACC1001,2023-01-17 05:00:00,1137.6,Debit
TXN391,ACC1002,2023-01-17 06:00:00,2474.55,Debit
TXN392,ACC1003,2023-01-17 07:00:00,3795.84,Debit
TXN393,ACC1001,2023-01-17 08:00:00,3135.54,Credit
TXN394,ACC1001,2023-01-17 09:00:00,1557.04,Debit
TXN395,ACC1001,2023-01-17 10:00:00,2208.65,Debit
TXN396,ACC1002,2023-01-17 11:00:00,936.26,Debit
TXN397,ACC1002,2023-01-17 12:00:00,465.69,Debit
TXN398,ACC1003,2023-01-17 13:00:00,3935.21,Debit
TXN399,ACC1003,2023-01-17 14:00:00,1400.4,Debit
TXN400,ACC1003,2023-01-17 15:00:00,971.06,Debit
TXN401,ACC1002,2023-01-17 16:00:00,3488.93,Credit
TXN402,ACC1002,2023-01-17 17:00:00,3128.45,Credit
TXN403,ACC1003,2023-01-17 18:00:00,3202.63,Debit
TXN404,ACC1003,2023-01-17 19:00:00,1221.58,Credit
TXN405,ACC1002,2023-01-17 20:00:00,1239.96,Credit
TXN406,ACC1003,2023-01-17 21:00:00,1181.93,Debit
TXN407,ACC1001,2023-01-17 22:00:00,951.39,Credit
TXN408,ACC1002,2023-01-17 23:00:00,3313.05,Debit
TXN409,ACC1003,2023-01-18 00:00:00,4255.28,Debit
TXN410,ACC1002,2023-01-18 01:00:00,3649.16,Debit
TXN411,ACC1001,2023-01-18 02:00:00,3981.26,Debit
TXN412,ACC1002,2023-01-18 03:00:00,2083.51,Debit
TXN413,ACC1002,2023-01-18 04:00:00,3304.97,Credit
TXN414,ACC1002,2023-01-18 05:00:00,1835.76,Debit
TXN415,ACC1002,2023-01-18 06:00:00,2674.97,Credit
TXN416,ACC1001,2023-01-18 07:00:00,2460.01,Debit
TXN417,ACC1002,2023-01-18 08:00:00,966.75,Debit
TXN418,ACC1002,2023-01-18 09:00:00,1996.69,Debit
TXN419,ACC1003,2023-01-18 10:00:00,4822.73,Credit
TXN420,ACC1002,2023-01-18 11:00:00,1318.04,Debit
TXN421,ACC1003,2023-01-18 12:00:00,755.64,Debit
TXN422,ACC1001,2023-01-18 13:00:00,2151.05,Debit
TXN423,ACC1001,2023-01-18 14:00:00,3972.65,Debit
TXN424,ACC1001,2023-01-18 15:00:00,2952.53,Credit
TXN425,ACC1001,2023-01-18 16:00:00,3436.78,Debit
TXN426,ACC1003,2023-01-18 17:00:00,1029.5,Credit
TXN427,ACC1002,2023-01-18 18:00:00,3132.85,Debit
TXN428,ACC1001,2023-01-18 19:00:00,1685.15,Credit
TXN429,ACC1002,2023-01-18 20:00:00,4188.09,Credit
TXN430,ACC1003,2023-01-18 21:00:00,3183.56,Debit
TXN431,ACC1003,2023-01-18 22:00:00,1074.4,Debit
TXN432,ACC1003,2023-01-18 23:00:00,416.62,Credit
TXN433,ACC1001,2023-01-19 00:00:00,308.9,Debit
TXN434,ACC1002,2023-01-19 01:00:00,1919.9,Debit
TXN435,ACC1002,2023-01-19 02:00:00,1402.67,Debit
TXN436,ACC1002,2023-01-19 03:00:00,3265.84,Credit
TXN437,ACC1003,2023-01-19 04:00:00,2546.74,Debit
TXN438,ACC1001,2023-01-19 05:00:00,1403.49,Debit
TXN439,ACC1003,2023-01-19 06:00:00,831.27,Debit
TXN440,ACC1003,2023-01-19 07:00:00,723.28,Credit
TXN441,ACC1002,2023-01-19 08:00:00,4336.84,Debit
TXN442,ACC1003,2023-01-19 09:00:00,1293.04,Credit
TXN443,ACC1002,2023-01-19 10:00:00,3293.38,Debit
TXN444,ACC1001,2023-01-19 11:00:00,4072.36,Credit
TXN445,ACC1002,2023-01-19 12:00:00,3109.0,Debit
TXN446,ACC1001,2023-01-19 13:00:00,4311.87,Debit
TXN447,ACC1002,2023-01-19 14:00:00,2022.73,Credit
TXN448,ACC1003,2023-01-19 15:00:00,4785.49,Credit
TXN449,ACC1003,2023-01-19 16:00:00,752.41,Credit
TXN450,ACC1001,2023-01-19 17:00:00,600.53,Debit
TXN451,ACC1001,2023-01-19 18:00:00,3327.59,Debit
TXN452,ACC1001,2023-01-19 19:00:00,4719.87,Debit
TXN453,ACC1002,2023-01-19 20:00:00,4063.53,Debit
TXN454,ACC1002,2023-01-19 21:00:00,474.44,Credit
TXN455,ACC1001,2023-01-19 22:00:00,1468.9,Debit
TXN456,ACC1003,2023-01-19 23:00:00,4658.56,Debit
TXN457,ACC1002,2023-01-20 00:00:00,1339.99,Debit
TXN458,ACC1002,2023-01-20 01:00:00,3927.74,Debit
TXN459,ACC1002,2023-01-20 02:00:00,4143.15,Debit
TXN460,ACC1001,2023-01-20 03:00:00,2527.72,Debit
TXN461,ACC1001,2023-01-20 04:00:00,1993.11,Debit
TXN462,ACC1001,2023-01-20 05:00:00,2305.61,Credit
TXN463,ACC1001,2023-01-20 06:00:00,1212.13,Debit
TXN464,ACC1001,2023-01-20 07:00:00,4458.02,Debit
TXN465,ACC1003,2023-01-20 08:00:00,2308.04,Debit
TXN466,ACC1003,2023-01-20 09:00:00,4424.05,Debit
TXN467,ACC1001,2023-01-20 10:00:00,617.9,Credit
TXN468,ACC1002,2023-01-20 11:00:00,4942.55,Credit
TXN469,ACC1001,2023-01-20 12:00:00,2272.04,Credit
TXN470,ACC1003,2023-01-20 13:00:00,334.37,Credit
TXN471,ACC1003,2023-01-20 14:00:00,286.31,Credit
TXN472,ACC1002,2023-01-20 15:00:00,3756.42,Credit
TXN473,ACC1003,2023-01-20 16:00:00,3329.27,Debit
TXN474,ACC1001,2023-01-20 17:00:00,4030.44,Credit
TXN475,ACC1002,2023-01-20 18:00:00,616.3,Credit
TXN476,ACC1001,2023-01-20 19:00:00,274.3,Debit
TXN477,ACC1001,2023-01-20 20:00:00,2592.04,Credit
TXN478,ACC1002,2023-01-20 21:00:00,1999.22,Debit
TXN479,ACC1001,2023-01-20 22:00:00,2363.54,Debit
TXN480,ACC1003,2023-01-20 23:00:00,4958.78,Credit
TXN481,ACC1001,2023-01-21 00:00:00,4856.67,Debit
TXN482,ACC1002,2023-01-21 01:00:00,4717.35,Credit
TXN483,ACC1002,2023-01-21 02:00:00,3940.83,Credit
TXN484,ACC1002,2023-01-21 03:00:00,1838.72,Debit
TXN485,ACC1001,2023-01-21 04:00:00,2119.44,Debit
TXN486,ACC1002,2023-01-21 05:00:00,2793.12,Credit
TXN487,ACC1002,2023-01-21 06:00:00,4169.62,Debit
TXN488,ACC1001,2023-01-21 07:00:00,436.69,Debit
TXN489,ACC1003,2023-01-21 08:00:00,2179.05,Credit
TXN490,ACC1001,2023-01-21 09:00:00,504.83,Credit
TXN491,ACC1002,2023-01-21 10:00:00,2621.82,Debit
TXN492,ACC1002,2023-01-21 11:00:00,4504.61,Credit
TXN493,ACC1001,2023-01-21 12:00:00,3934.18,Credit
TXN494,ACC1003,2023-01-21 13:00:00,1216.43,Credit
TXN495,ACC1002,2023-01-21 14:00:00,4882.36,Credit
TXN496,ACC1002,2023-01-21 15:00:00,3370.02,Credit
TXN497,ACC1002,2023-01-21 16:00:00,151.1,Credit
TXN498,ACC1001,2023-01-21 17:00:00,1351.53,Credit
TXN499,ACC1002,2023-01-21 18:00:00,1377.5,Debit
TXN500,ACC1003,2023-01-21 19:00:00,439.35,Credit
TXN501,ACC1002,2023-01-21 20:00:00,4803.15,Debit
TXN502,ACC1002,2023-01-21 21:00:00,2443.45,Debit
TXN503,ACC1003,2023-01-21 22:00:00,4489.49,Debit
TXN504,ACC1002,2023-01-21 23:00:00,1678.86,Credit
TXN505,ACC1001,2023-01-22 00:00:00,713.64,Credit
TXN506,ACC1001,2023-01-22 01:00:00,2424.25,Debit
TXN507,ACC1001,2023-01-22 02:00:00,658.39,Credit
TXN508,ACC1003,2023-01-22 03:00:00,2481.48,Debit
TXN509,ACC1002,2023-01-22 04:00:00,4609.46,Credit
TXN510,ACC1001,2023-01-22 05:00:00,2651.76,Credit
TXN511,ACC1003,2023-01-22 06:00:00,3120.85,Debit
TXN512,ACC1002,2023-01-22 07:00:00,867.53,Debit
TXN513,ACC1003,2023-01-22 08:00:00,314.3,Debit
TXN514,ACC1001,2023-01-22 09:00:00,642.96,Credit
TXN515,ACC1001,2023-01-22 10:00:00,3032.8,Debit
TXN516,ACC1001,2023-01-22 11:00:00,565.56,Credit
TXN517,ACC1003,2023-01-22 12:00:00,1942.37,Credit
TXN518,ACC1003,2023-01-22 13:00:00,2795.45,Credit
TXN519,ACC1001,2023-01-22 14:00:00,2004.4,Debit
TXN520,ACC1003,2023-01-22 15:00:00,902.05,Debit
TXN521,ACC1001,2023-01-22 16:00:00,1441.58,Debit
TXN522,ACC1001,2023-01-22 17:00:00,4648.76,Credit
TXN523,ACC1002,2023-01-22 18:00:00,3412.31,Credit
TXN524,ACC1003,2023-01-22 19:00:00,2530.63,Debit
TXN525,ACC1001,2023-01-22 20:00:00,162.3,Credit
TXN526,ACC1001,2023-01-22 21:00:00,4962.84,Credit
TXN527,ACC1003,2023-01-22 22:00:00,3390.13,Debit
TXN528,ACC1002,2023-01-22 23:00:00,1652.92,Debit
TXN529,ACC1002,2023-01-23 00:00:00,4408.42,Debit
TXN530,ACC1001,2023-01-23 01:00:00,1366.31,Credit
TXN531,ACC1003,2023-01-23 02:00:00,2765.68,Credit
TXN532,ACC1002,2023-01-23 03:00:00,3216.75,Credit
TXN533,ACC1003,2023-01-23 04:00:00,1183.21,Credit
TXN534,ACC1003,2023-01-23 05:00:00,4894.15,Credit
TXN535,ACC1001,2023-01-23 06:00:00,3766.14,Debit
TXN536,ACC1002,2023-01-23 07:00:00,2833.28,Credit
TXN537,ACC1001,2023-01-23 08:00:00,984.91,Credit
TXN538,ACC1002,2023-01-23 09:00:00,363.91,Credit
TXN539,ACC1002,2023-01-23 10:00:00,1668.29,Debit
TXN540,ACC1002,2023-01-23 11:00:00,3790.62,Debit
TXN541,ACC1002,2023-01-23 12:00:00,1419.72,Debit
TXN542,ACC1002,2023-01-23 13:00:00,2743.83,Credit
TXN543,ACC1003,2023-01-23 14:00:00,3666.94,Debit
TXN544,ACC1001,2023-01-23 15:00:00,628.92,Debit
TXN545,ACC1003,2023-01-23 16:00:00,3457.96,Debit
TXN546,ACC1002,2023-01-23 17:00:00,550.17,Credit
TXN547,ACC1001,2023-01-23 18:00:00,4829.14,Debit
TXN548,ACC1002,2023-01-23 19:00:00,2493.13,Credit
TXN549,ACC1001,2023-01-23 20:00:00,838.31,Credit
TXN550,ACC1003,2023-01-23 21:00:00,1777.68,Debit
TXN551,ACC1001,2023-01-23 22:00:00,2125.74,Credit
TXN552,ACC1001,2023-01-23 23:00:00,3815.11,Debit
TXN553,ACC1001,2023-01-24 00:00:00,3742.78,Credit
TXN554,ACC1001,2023-01-24 01:00:00,3098.51,Debit
TXN555,ACC1001,2023-01-24 02:00:00,619.06,Debit
TXN556,ACC1002,2023-01-24 03:00:00,842.69,Debit
TXN557,ACC1001,2023-01-24 04:00:00,559.41,Credit
TXN558,ACC1001,2023-01-24 05:00:00,2928.15,Debit
TXN559,ACC1003,2023-01-24 06:00:00,4397.98,Credit
TXN560,ACC1001,2023-01-24 07:00:00,2225.62,Debit
TXN561,ACC1003,2023-01-24 08:00:00,888.16,Credit
TXN562,ACC1002,2023-01-24 09:00:00,2834.41,Credit
TXN563,ACC1001,2023-01-24 10:00:00,4077.59,Debit
TXN564,ACC1003,2023-01-24 11:00:00,3734.39,Debit
TXN565,ACC1003,2023-01-24 12:00:00,4419.11,Debit
TXN566,ACC1002,2023-01-24 13:00:00,1461.72,Debit
TXN567,ACC1001,2023-01-24 14:00:00,1050.37,Debit
TXN568,ACC1001,2023-01-24 15:00:00,4411.1,Credit
TXN569,ACC1003,2023-01-24 16:00:00,3322.05,Debit
TXN570,ACC1001,2023-01-24 17:00:00,1623.55,Debit
TXN571,ACC1003,2023-01-24 18:00:00,3737.51,Credit
TXN572,ACC1001,2023-01-24 19:00:00,4094.08,Debit
TXN573,ACC1003,2023-01-24 20:00:00,3113.39,Debit
TXN574,ACC1001,2023-01-24 21:00:00,3470.63,Credit
TXN575,ACC1002,2023-01-24 22:00:00,1938.77,Debit
TXN576,ACC1001,2023-01-24 23:00:00,2739.61,Debit
TXN577,ACC1001,2023-01-25 00:00:00,2668.38,Debit
TXN578,ACC1002,2023-01-25 01:00:00,4255.43,Credit
TXN579,ACC1001,2023-01-25 02:00:00,4215.82,Debit
TXN580,ACC1002,2023-01-25 03:00:00,4180.13,Credit
TXN581,ACC1001,2023-01-25 04:00:00,154.05,Debit
TXN582,ACC1003,2023-01-25 05:00:00,3772.77,Credit
TXN583,ACC1003,2023-01-25 06:00:00,3817.51,Debit
TXN584,ACC1001,2023-01-25 07:00:00,3424.06,Credit
TXN585,ACC1001,2023-01-25 08:00:00,3805.7,Credit
TXN586,ACC1001,2023-01-25 09:00:00,4225.65,Credit
TXN587,ACC1003,2023-01-25 10:00:00,2404.56,Credit
TXN588,ACC1001,2023-01-25 11:00:00,2560.05,Credit
TXN589,ACC1003,2023-01-25 12:00:00,711.1,Credit
TXN590,ACC1002,2023-01-25 13:00:00,1988.34,Debit
TXN591,ACC1003,2023-01-25 14:00:00,3252.49,Debit
TXN592,ACC1003,2023-01-25 15:00:00,3923.96,Credit
TXN593,ACC1002,2023-01-25 16:00:00,1164.32,Credit
TXN594,ACC1003,2023-01-25 17:00:00,775.33,Credit
TXN595,ACC1001,2023-01-25 18:00:00,3348.91,Credit
TXN596,ACC1001,2023-01-25 19:00:00,109.21,Debit
TXN597,ACC1003,2023-01-25 20:00:00,974.03,Credit
TXN598,ACC1001,2023-01-25 21:00:00,242.45,Debit
TXN599,ACC1003,2023-01-25 22:00:00,917.74,Debit
TXN600,ACC1001,2023-01-25 23:00:00,988.46,Credit
TXN601,ACC1001,2023-01-26 00:00:00,1999.6,Credit
TXN602,ACC1003,2023-01-26 01:00:00,2071.4,Debit
TXN603,ACC1001,2023-01-26 02:00:00,4383.89,Debit
TXN604,ACC1003,2023-01-26 03:00:00,2599.54,Credit
TXN605,ACC1001,2023-01-26 04:00:00,3644.68,Credit
TXN606,ACC1001,2023-01-26 05:00:00,610.27,Credit
TXN607,ACC1002,2023-01-26 06:00:00,1204.65,Debit
TXN608,ACC1002,2023-01-26 07:00:00,3544.42,Debit
TXN609,ACC1003,2023-01-26 08:00:00,358.74,Credit
TXN610,ACC1002,2023-01-26 09:00:00,2484.33,Debit
TXN611,ACC1003,2023-01-26 10:00:00,3036.91,Debit
TXN612,ACC1002,2023-01-26 11:00:00,3050.51,Credit
TXN613,ACC1001,2023-01-26 12:00:00,212.37,Credit
TXN614,ACC1003,2023-01-26 13:00:00,1678.33,Debit
TXN615,ACC1003,2023-01-26 14:00:00,3218.8,Debit
TXN616,ACC1001,2023-01-26 15:00:00,830.1,Credit
TXN617,ACC1003,2023-01-26 16:00:00,3507.54,Credit
TXN618,ACC1003,2023-01-26 17:00:00,3755.03,Credit
TXN619,ACC1002,2023-01-26 18:00:00,4911.65,Credit
TXN620,ACC1003,2023-01-26 19:00:00,1128.23,Credit
TXN621,ACC1001,2023-01-26 20:00:00,4143.14,Debit
TXN622,ACC1002,2023-01-26 21:00:00,2649.45,Debit
TXN623,ACC1002,2023-01-26 22:00:00,1929.97,Debit
TXN624,ACC1001,2023-01-26 23:00:00,699.65,Debit
TXN625,ACC1001,2023-01-27 00:00:00,3703.98,Credit
TXN626,ACC1002,2023-01-27 01:00:00,1255.7,Credit
TXN627,ACC1003,2023-01-27 02:00:00,1919.97,Credit
TXN628,ACC1002,2023-01-27 03:00:00,406.46,Debit
TXN629,ACC1001,2023-01-27 04:00:00,4026.7,Debit
TXN630,ACC1002,2023-01-27 05:00:00,3856.28,Debit
TXN631,ACC1001,2023-01-27 06:00:00,3694.72,Credit
TXN632,ACC1002,2023-01-27 07:00:00,1567.27,Debit
TXN633,ACC1003,2023-01-27 08:00:00,950.05,Credit
TXN634,ACC1002,2023-01-27 09:00:00,3224.01,Credit
TXN635,ACC1002,2023-01-27 10:00:00,2531.22,Credit
TXN636,ACC1001,2023-01-27 11:00:00,973.44,Credit
TXN637,ACC1001,2023-01-27 12:00:00,3460.97,Credit
TXN638,ACC1001,2023-01-27 13:00:00,4956.52,Credit
TXN639,ACC1002,2023-01-27 14:00:00,3761.38,Debit
TXN640,ACC1003,2023-01-27 15:00:00,3725.93,Credit
TXN641,ACC1001,2023-01-27 16:00:00,4756.53,Credit
TXN642,ACC1001,2023-01-27 17:00:00,1094.39,Debit
TXN643,ACC1002,2023-01-27 18:00:00,2871.19,Credit
TXN644,ACC1001,2023-01-27 19:00:00,4900.27,Debit
TXN645,ACC1003,2023-01-27 20:00:00,909.94,Debit
TXN646,ACC1003,2023-01-27 21:00:00,3531.23,Debit
TXN647,ACC1001,2023-01-27 22:00:00,2970.47,Credit
TXN648,ACC1001,2023-01-27 23:00:00,2973.75,Credit
TXN649,ACC1002,2023-01-28 00:00:00,3518.59,Debit
TXN650,ACC1003,2023-01-28 01:00:00,4655.12,Credit
TXN651,ACC1003,2023-01-28 02:00:00,3934.65,Credit
TXN652,ACC1001,2023-01-28 03:00:00,375.07,Debit
TXN653,ACC1002,2023-01-28 04:00:00,4278.37,Debit
TXN654,ACC1003,2023-01-28 05:00:00,1205.15,Credit
TXN655,ACC1003,2023-01-28 06:00:00,1946.88,Debit
TXN656,ACC1002,2023-01-28 07:00:00,2362.49,Debit
TXN657,ACC1002,2023-01-28 08:00:00,2456.44,Debit
TXN658,ACC1003,2023-01-28 09:00:00,2232.38,Credit
TXN659,ACC1003,2023-01-28 10:00:00,4693.03,Credit
TXN660,ACC1002,2023-01-28 11:00:00,3559.49,Credit
TXN661,ACC1003,2023-01-28 12:00:00,3192.74,Debit
TXN662,ACC1001,2023-01-28 13:00:00,344.23,Credit
TXN663,ACC1001,2023-01-28 14:00:00,4529.18,Debit
TXN664,ACC1002,2023-01-28 15:00:00,4556.01,Credit
TXN665,ACC1002,2023-01-28 16:00:00,3923.04,Credit
TXN666,ACC1002,2023-01-28 17:00:00,134.44,Debit
TXN667,ACC1001,2023-01-28 18:00:00,380.67,Credit
TXN668,ACC1003,2023-01-28 19:00:00,1203.6,Debit
TXN669,ACC1001,2023-01-28 20:00:00,743.61,Credit
TXN670,ACC1003,2023-01-28 21:00:00,2054.3,Credit
TXN671,ACC1001,2023-01-28 22:00:00,4620.85,Debit
TXN672,ACC1003,2023-01-28 23:00:00,2413.1,Debit
TXN673,ACC1001,2023-01-29 00:00:00,165.67,Debit
TXN674,ACC1002,2023-01-29 01:00:00,1485.45,Credit
TXN675,ACC1001,2023-01-29 02:00:00,318.52,Credit
TXN676,ACC1003,2023-01-29 03:00:00,277.81,Credit
TXN677,ACC1001,2023-01-29 04:00:00,1451.03,Debit
TXN678,ACC1001,2023-01-29 05:00:00,1450.5,Debit
TXN679,ACC1001,2023-01-29 06:00:00,3956.92,Debit
TXN680,ACC1002,2023-01-29 07:00:00,4876.69,Credit
TXN681,ACC1001,2023-01-29 08:00:00,1918.91,Credit
TXN682,ACC1002,2023-01-29 09:00:00,2201.55,Debit
TXN683,ACC1002,2023-01-29 10:00:00,4239.47,Credit
TXN684,ACC1001,2023-01-29 11:00:00,1413.88,Debit
TXN685,ACC1001,2023-01-29 12:00:00,866.27,Credit
TXN686,ACC1001,2023-01-29 13:00:00,4280.14,Credit
TXN687,ACC1003,2023-01-29 14:00:00,327.85,Debit
TXN688,ACC1001,2023-01-29 15:00:00,3136.53,Credit
TXN689,ACC1002,2023-01-29 16:00:00,2853.76,Credit
TXN690,ACC1001,2023-01-29 17:00:00,1795.01,Debit
TXN691,ACC1003,2023-01-29 18:00:00,1644.43,Debit
TXN692,ACC1001,2023-01-29 19:00:00,3882.1,Credit
TXN693,ACC1003,2023-01-29 20:00:00,523.48,Debit
TXN694,ACC1003,2023-01-29 21:00:00,1260.24,Credit
TXN695,ACC1001,2023-01-29 22:00:00,3689.0,Debit
TXN696,ACC1002,2023-01-29 23:00:00,2786.77,Credit
TXN697,ACC1003,2023-01-30 00:00:00,727.14,Credit
TXN698,ACC1001,2023-01-30 01:00:00,4422.46,Debit
TXN699,ACC1001,2023-01-30 02:00:00,2027.89,Credit
TXN700,ACC1002,2023-01-30 03:00:00,4156.56,Credit
TXN701,ACC1003,2023-01-30 04:00:00,3959.79,Debit
TXN702,ACC1003,2023-01-30 05:00:00,3159.68,Debit
TXN703,ACC1001,2023-01-30 06:00:00,2522.96,Credit
TXN704,ACC1001,2023-01-30 07:00:00,4899.8,Debit
TXN705,ACC1002,2023-01-30 08:00:00,810.33,Debit
TXN706,ACC1002,2023-01-30 09:00:00,3653.26,Credit
TXN707,ACC1003,2023-01-30 10:00:00,1036.83,Credit
TXN708,ACC1003,2023-01-30 11:00:00,1757.49,Debit
TXN709,ACC1001,2023-01-30 12:00:00,1612.62,Debit
TXN710,ACC1003,2023-01-30 13:00:00,4740.48,Debit
TXN711,ACC1002,2023-01-30 14:00:00,4840.05,Credit
TXN712,ACC1002,2023-01-30 15:00:00,996.78,Credit
TXN713,ACC1001,2023-01-30 16:00:00,207.97,Credit
TXN714,ACC1002,2023-01-30 17:00:00,3628.04,Credit
TXN715,ACC1002,2023-01-30 18:00:00,2148.15,Credit
TXN716,ACC1002,2023-01-30 19:00:00,535.32,Credit
TXN717,ACC1002,2023-01-30 20:00:00,3450.4,Credit
TXN718,ACC1001,2023-01-30 21:00:00,2771.02,Debit
TXN719,ACC1001,2023-01-30 22:00:00,4904.53,Debit
TXN720,ACC1003,2023-01-30 23:00:00,1214.31,Credit
TXN721,ACC1002,2023-01-31 00:00:00,2079.49,Credit
TXN722,ACC1003,2023-01-31 01:00:00,2758.47,Credit
TXN723,ACC1001,2023-01-31 02:00:00,3979.33,Debit
TXN724,ACC1001,2023-01-31 03:00:00,2789.31,Credit
TXN725,ACC1001,2023-01-31 04:00:00,3103.21,Debit
TXN726,ACC1001,2023-01-31 05:00:00,1208.12,Debit
TXN727,ACC1001,2023-01-31 06:00:00,4249.9,Debit
TXN728,ACC1001,2023-01-31 07:00:00,2200.29,Debit
TXN729,ACC1001,2023-01-31 08:00:00,790.7,Debit
TXN730,ACC1002,2023-01-31 09:00:00,3354.52,Credit
TXN731,ACC1003,2023-01-31 10:00:00,1158.84,Credit
TXN732,ACC1001,2023-01-31 11:00:00,578.06,Debit
TXN733,ACC1002,2023-01-31 12:00:00,4323.74,Credit
TXN734,ACC1002,2023-01-31 13:00:00,2354.8,Debit
TXN735,ACC1003,2023-01-31 14:00:00,3771.49,Debit
TXN736,ACC1001,2023-01-31 15:00:00,1523.88,Credit
TXN737,ACC1003,2023-01-31 16:00:00,3956.15,Credit
TXN738,ACC1001,2023-01-31 17:00:00,648.49,Credit
TXN739,ACC1002,2023-01-31 18:00:00,1844.27,Credit
TXN740,ACC1002,2023-01-31 19:00:00,4892.5,Credit
TXN741,ACC1002,2023-01-31 20:00:00,3990.55,Debit
TXN742,ACC1002,2023-01-31 21:00:00,2536.55,Credit
TXN743,ACC1003,2023-01-31 22:00:00,1764.91,Credit
TXN744,ACC1001,2023-01-31 23:00:00,4373.46,Credit
TXN745,ACC1001,2023-02-01 00:00:00,2769.75,Debit
TXN746,ACC1003,2023-02-01 01:00:00,3816.28,Credit
TXN747,ACC1001,2023-02-01 02:00:00,3795.13,Debit
TXN748,ACC1002,2023-02-01 03:00:00,187.93,Credit
TXN749,ACC1001,2023-02-01 04:00:00,718.64,Credit
TXN750,ACC1002,2023-02-01 05:00:00,3332.18,Debit
TXN751,ACC1003,2023-02-01 06:00:00,891.94,Credit
TXN752,ACC1001,2023-02-01 07:00:00,1351.92,Credit
TXN753,ACC1003,2023-02-01 08:00:00,4738.53,Debit
TXN754,ACC1001,2023-02-01 09:00:00,2844.89,Credit
TXN755,ACC1002,2023-02-01 10:00:00,3778.57,Debit
TXN756,ACC1003,2023-02-01 11:00:00,2834.11,Debit
TXN757,ACC1001,2023-02-01 12:00:00,2807.32,Debit
TXN758,ACC1002,2023-02-01 13:00:00,561.34,Debit
TXN759,ACC1003,2023-02-01 14:00:00,1783.95,Debit
TXN760,ACC1003,2023-02-01 15:00:00,1483.91,Credit
TXN761,ACC1001,2023-02-01 16:00:00,2014.57,Credit
TXN762,ACC1001,2023-02-01 17:00:00,4011.89,Credit
TXN763,ACC1001,2023-02-01 18:00:00,1922.47,Debit
TXN764,ACC1002,2023-02-01 19:00:00,2313.31,Debit
TXN765,ACC1001,2023-02-01 20:00:00,2047.17,Debit
TXN766,ACC1003,2023-02-01 21:00:00,557.7,Debit
TXN767,ACC1003,2023-02-01 22:00:00,2261.25,Credit
TXN768,ACC1001,2023-02-01 23:00:00,1058.49,Credit
TXN769,ACC1001,2023-02-02 00:00:00,1014.94,Debit
TXN770,ACC1003,2023-02-02 01:00:00,560.78,Debit
TXN771,ACC1002,2023-02-02 02:00:00,1847.69,Credit
TXN772,ACC1001,2023-02-02 03:00:00,3811.66,Debit
TXN773,ACC1001,2023-02-02 04:00:00,1454.56,Debit
TXN774,ACC1003,2023-02-02 05:00:00,1630.51,Debit
TXN775,ACC1001,2023-02-02 06:00:00,3249.11,Credit
TXN776,ACC1002,2023-02-02 07:00:00,1059.62,Credit
TXN777,ACC1003,2023-02-02 08:00:00,4495.09,Debit
TXN778,ACC1001,2023-02-02 09:00:00,2648.93,Credit
TXN779,ACC1003,2023-02-02 10:00:00,2293.25,Debit
TXN780,ACC1001,2023-02-02 11:00:00,2833.32,Debit
TXN781,ACC1001,2023-02-02 12:00:00,913.57,Credit
TXN782,ACC1001,2023-02-02 13:00:00,3106.02,Debit
TXN783,ACC1002,2023-02-02 14:00:00,1879.19,Debit
TXN784,ACC1002,2023-02-02 15:00:00,4496.21,Credit
TXN785,ACC1003,2023-02-02 16:00:00,927.39,Debit
TXN786,ACC1001,2023-02-02 17:00:00,2584.55,Debit
TXN787,ACC1001,2023-02-02 18:00:00,3030.75,Debit
TXN788,ACC1002,2023-02-02 19:00:00,263.58,Credit
TXN789,ACC1001,2023-02-02 20:00:00,1882.1,Debit
TXN790,ACC1002,2023-02-02 21:00:00,3689.91,Credit
TXN791,ACC1001,2023-02-02 22:00:00,4119.85,Debit
TXN792,ACC1003,2023-02-02 23:00:00,1634.49,Debit
TXN793,ACC1001,2023-02-03 00:00:00,4013.11,Debit
TXN794,ACC1001,2023-02-03 01:00:00,4842.0,Debit
TXN795,ACC1002,2023-02-03 02:00:00,4298.68,Credit
TXN796,ACC1001,2023-02-03 03:00:00,676.46,Credit
TXN797,ACC1001,2023-02-03 04:00:00,3724.68,Debit
TXN798,ACC1002,2023-02-03 05:00:00,1666.37,Debit
TXN799,ACC1003,2023-02-03 06:00:00,4943.24,Debit
TXN800,ACC1003,2023-02-03 07:00:00,2478.26,Debit
TXN801,ACC1002,2023-02-03 08:00:00,699.93,Debit
TXN802,ACC1002,2023-02-03 09:00:00,3653.41,Debit
TXN803,ACC1002,2023-02-03 10:00:00,1682.75,Debit
TXN804,ACC1002,2023-02-03 11:00:00,4985.68,Debit
TXN805,ACC1002,2023-02-03 12:00:00,4900.93,Credit
TXN806,ACC1003,2023-02-03 13:00:00,3315.06,Credit
TXN807,ACC1003,2023-02-03 14:00:00,736.15,Credit
TXN808,ACC1002,2023-02-03 15:00:00,3465.62,Debit
TXN809,ACC1001,2023-02-03 16:00:00,555.85,Debit
TXN810,ACC1002,2023-02-03 17:00:00,243.88,Debit
TXN811,ACC1001,2023-02-03 18:00:00,4132.5,Credit
TXN812,ACC1002,2023-02-03 19:00:00,1127.79,Debit
TXN813,ACC1002,2023-02-03 20:00:00,1957.23,Credit
TXN814,ACC1003,2023-02-03 21:00:00,4869.94,Debit
TXN815,ACC1001,2023-02-03 22:00:00,1750.52,Credit
TXN816,ACC1001,2023-02-03 23:00:00,1552.8,Credit
TXN817,ACC1003,2023-02-04 00:00:00,4599.22,Credit
TXN818,ACC1003,2023-02-04 01:00:00,642.67,Debit
TXN819,ACC1003,2023-02-04 02:00:00,3821.95,Credit
TXN820,ACC1003,2023-02-04 03:00:00,4941.52,Debit
TXN821,ACC1001,2023-02-04 04:00:00,4516.35,Debit
TXN822,ACC1001,2023-02-04 05:00:00,3293.17,Debit
TXN823,ACC1002,2023-02-04 06:00:00,1638.9,Debit
TXN824,ACC1002,2023-02-04 07:00:00,1346.18,Debit
TXN825,ACC1003,2023-02-04 08:00:00,4114.35,Credit
TXN826,ACC1003,2023-02-04 09:00:00,4411.13,Debit
TXN827,ACC1003,2023-02-04 10:00:00,2674.63,Debit
TXN828,ACC1002,2023-02-04 11:00:00,1297.27,Debit
TXN829,ACC1002,2023-02-04 12:00:00,653.42,Debit
TXN830,ACC1002,2023-02-04 13:00:00,527.18,Debit
TXN831,ACC1002,2023-02-04 14:00:00,3623.48,Credit
TXN832,ACC1002,2023-02-04 15:00:00,2158.58,Credit
TXN833,ACC1002,2023-02-04 16:00:00,4536.26,Debit
TXN834,ACC1002,2023-02-04 17:00:00,3724.39,Credit
TXN835,ACC1003,2023-02-04 18:00:00,1037.18,Credit
TXN836,ACC1003,2023-02-04 19:00:00,3107.51,Debit
TXN837,ACC1003,2023-02-04 20:00:00,2233.98,Credit
TXN838,ACC1003,2023-02-04 21:00:00,2928.52,Debit
TXN839,ACC1002,2023-02-04 22:00:00,3716.54,Credit
TXN840,ACC1001,2023-02-04 23:00:00,4050.36,Credit
TXN841,ACC1002,2023-02-05 00:00:00,4234.31,Credit
TXN842,ACC1001,2023-02-05 01:00:00,1344.48,Debit
TXN843,ACC1003,2023-02-05 02:00:00,252.47,Credit
TXN844,ACC1002,2023-02-05 03:00:00,3722.54,Credit
TXN845,ACC1003,2023-02-05 04:00:00,621.08,Debit
TXN846,ACC1002,2023-02-05 05:00:00,1643.11,Debit
TXN847,ACC1003,2023-02-05 06:00:00,118.7,Credit
TXN848,ACC1001,2023-02-05 07:00:00,3440.18,Debit
TXN849,ACC1001,2023-02-05 08:00:00,918.95,Credit
TXN850,ACC1001,2023-02-05 09:00:00,3310.88,Credit
TXN851,ACC1002,2023-02-05 10:00:00,4959.54,Debit
TXN852,ACC1001,2023-02-05 11:00:00,456.09,Debit
TXN853,ACC1002,2023-02-05 12:00:00,477.68,Debit
TXN854,ACC1001,2023-02-05 13:00:00,1767.86,Credit
TXN855,ACC1001,2023-02-05 14:00:00,4345.29,Debit
TXN856,ACC1002,2023-02-05 15:00:00,1156.1,Credit
TXN857,ACC1002,2023-02-05 16:00:00,1865.85,Debit
TXN858,ACC1001,2023-02-05 17:00:00,435.68,Credit
TXN859,ACC1002,2023-02-05 18:00:00,3839.46,Debit
TXN860,ACC1001,2023-02-05 19:00:00,2100.7,Credit
TXN861,ACC1002,2023-02-05 20:00:00,3820.32,Debit
TXN862,ACC1003,2023-02-05 21:00:00,4527.68,Credit
TXN863,ACC1003,2023-02-05 22:00:00,1240.54,Debit
TXN864,ACC1003,2023-02-05 23:00:00,4056.24,Debit
TXN865,ACC1003,2023-02-06 00:00:00,389.56,Credit
TXN866,ACC1003,2023-02-06 01:00:00,4504.35,Debit
TXN867,ACC1001,2023-02-06 02:00:00,3288.77,Credit
TXN868,ACC1003,2023-02-06 03:00:00,4383.71,Credit
TXN869,ACC1003,2023-02-06 04:00:00,100.92,Debit
TXN870,ACC1003,2023-02-06 05:00:00,928.5,Credit
TXN871,ACC1003,2023-02-06 06:00:00,2009.82,Debit
TXN872,ACC1002,2023-02-06 07:00:00,1959.56,Debit
TXN873,ACC1001,2023-02-06 08:00:00,1210.98,Credit
TXN874,ACC1003,2023-02-06 09:00:00,1969.9,Debit
TXN875,ACC1003,2023-02-06 10:00:00,731.36,Credit
TXN876,ACC1003,2023-02-06 11:00:00,2122.53,Credit
TXN877,ACC1001,2023-02-06 12:00:00,4031.54,Debit
TXN878,ACC1002,2023-02-06 13:00:00,2447.44,Debit
TXN879,ACC1001,2023-02-06 14:00:00,188.2,Credit
TXN880,ACC1002,2023-02-06 15:00:00,2165.08,Credit
TXN881,ACC1003,2023-02-06 16:00:00,233.16,Debit
TXN882,ACC1003,2023-02-06 17:00:00,4834.59,Debit
TXN883,ACC1001,2023-02-06 18:00:00,724.52,Debit
TXN884,ACC1001,2023-02-06 19:00:00,3567.67,Debit
TXN885,ACC1002,2023-02-06 20:00:00,4866.6,Credit
TXN886,ACC1002,2023-02-06 21:00:00,4147.59,Debit
TXN887,ACC1001,2023-02-06 22:00:00,3526.65,Credit
TXN888,ACC1002,2023-02-06 23:00:00,4213.36,Credit
TXN889,ACC1001,2023-02-07 00:00:00,4910.81,Debit
TXN890,ACC1002,2023-02-07 01:00:00,3144.59,Credit
TXN891,ACC1001,2023-02-07 02:00:00,2840.01,Debit
TXN892,ACC1001,2023-02-07 03:00:00,3178.37,Credit
TXN893,ACC1001,2023-02-07 04:00:00,2710.11,Debit
TXN894,ACC1002,2023-02-07 05:00:00,3211.94,Credit
TXN895,ACC1002,2023-02-07 06:00:00,2304.23,Credit
TXN896,ACC1002,2023-02-07 07:00:00,1170.37,Debit
TXN897,ACC1001,2023-02-07 08:00:00,689.21,Debit
TXN898,ACC1002,2023-02-07 09:00:00,434.87,Credit
TXN899,ACC1002,2023-02-07 10:00:00,1390.25,Credit
TXN900,ACC1001,2023-02-07 11:00:00,326.01,Debit
TXN901,ACC1003,2023-02-07 12:00:00,2879.14,Credit
TXN902,ACC1001,2023-02-07 13:00:00,1490.76,Debit
TXN903,ACC1002,2023-02-07 14:00:00,4140.22,Credit
TXN904,ACC1001,2023-02-07 15:00:00,463.78,Debit
TXN905,ACC1003,2023-02-07 16:00:00,1209.12,Credit
TXN906,ACC1001,2023-02-07 17:00:00,3678.21,Debit
TXN907,ACC1002,2023-02-07 18:00:00,3034.16,Debit
TXN908,ACC1003,2023-02-07 19:00:00,416.01,Credit
TXN909,ACC1002,2023-02-07 20:00:00,4398.47,Debit
TXN910,ACC1003,2023-02-07 21:00:00,4398.58,Credit
TXN911,ACC1003,2023-02-07 22:00:00,1719.0,Debit
TXN912,ACC1001,2023-02-07 23:00:00,1767.99,Debit
TXN913,ACC1001,2023-02-08 00:00:00,4946.24,Debit
TXN914,ACC1002,2023-02-08 01:00:00,3168.26,Credit
TXN915,ACC1001,2023-02-08 02:00:00,2703.45,Debit
TXN916,ACC1001,2023-02-08 03:00:00,4206.95,Credit
TXN917,ACC1003,2023-02-08 04:00:00,1497.92,Debit
TXN918,ACC1001,2023-02-08 05:00:00,2202.99,Credit
TXN919,ACC1003,2023-02-08 06:00:00,1412.11,Credit
TXN920,ACC1003,2023-02-08 07:00:00,3966.89,Credit
TXN921,ACC1003,2023-02-08 08:00:00,2909.41,Debit
TXN922,ACC1002,2023-02-08 09:00:00,3328.24,Credit
TXN923,ACC1002,2023-02-08 10:00:00,1336.31,Debit
TXN924,ACC1002,2023-02-08 11:00:00,1179.1,Credit
TXN925,ACC1003,2023-02-08 12:00:00,2493.04,Credit
TXN926,ACC1002,2023-02-08 13:00:00,3714.07,Credit
TXN927,ACC1002,2023-02-08 14:00:00,2673.67,Credit
TXN928,ACC1001,2023-02-08 15:00:00,259.96,Debit
TXN929,ACC1002,2023-02-08 16:00:00,4355.9,Credit
TXN930,ACC1002,2023-02-08 17:00:00,416.97,Credit
TXN931,ACC1003,2023-02-08 18:00:00,4783.54,Debit
TXN932,ACC1003,2023-02-08 19:00:00,223.2,Credit
TXN933,ACC1003,2023-02-08 20:00:00,3502.81,Credit
TXN934,ACC1003,2023-02-08 21:00:00,502.81,Credit
TXN935,ACC1003,2023-02-08 22:00:00,4562.32,Credit
TXN936,ACC1003,2023-02-08 23:00:00,2375.72,Debit
TXN937,ACC1002,2023-02-09 00:00:00,773.87,Debit
TXN938,ACC1003,2023-02-09 01:00:00,1770.0,Credit
TXN939,ACC1003,2023-02-09 02:00:00,907.64,Debit
TXN940,ACC1001,2023-02-09 03:00:00,935.85,Debit
TXN941,ACC1002,2023-02-09 04:00:00,4745.73,Credit
TXN942,ACC1002,2023-02-09 05:00:00,2281.71,Debit
TXN943,ACC1002,2023-02-09 06:00:00,3965.13,Credit
TXN944,ACC1003,2023-02-09 07:00:00,3234.07,Debit
TXN945,ACC1003,2023-02-09 08:00:00,3414.49,Debit
TXN946,ACC1003,2023-02-09 09:00:00,745.3,Debit
TXN947,ACC1001,2023-02-09 10:00:00,1247.5,Credit
TXN948,ACC1003,2023-02-09 11:00:00,3955.08,Debit
TXN949,ACC1001,2023-02-09 12:00:00,4856.75,Credit
TXN950,ACC1002,2023-02-09 13:00:00,1387.11,Credit
TXN951,ACC1003,2023-02-09 14:00:00,1430.69,Debit
TXN952,ACC1001,2023-02-09 15:00:00,2417.2,Credit
TXN953,ACC1001,2023-02-09 16:00:00,4920.82,Debit
TXN954,ACC1003,2023-02-09 17:00:00,1417.9,Credit
TXN955,ACC1002,2023-02-09 18:00:00,2094.16,Credit
TXN956,ACC1002,2023-02-09 19:00:00,4468.25,Debit
TXN957,ACC1002,2023-02-09 20:00:00,114.31,Debit
TXN958,ACC1001,2023-02-09 21:00:00,294.85,Debit
TXN959,ACC1001,2023-02-09 22:00:00,3059.95,Debit
TXN960,ACC1001,2023-02-09 23:00:00,4546.16,Credit
TXN961,ACC1001,2023-02-10 00:00:00,1270.4,Credit
TXN962,ACC1002,2023-02-10 01:00:00,2401.24,Credit
TXN963,ACC1003,2023-02-10 02:00:00,2307.28,Debit
TXN964,ACC1001,2023-02-10 03:00:00,2417.56,Credit
TXN965,ACC1001,2023-02-10 04:00:00,3150.35,Debit
TXN966,ACC1002,2023-02-10 05:00:00,2401.74,Credit
TXN967,ACC1003,2023-02-10 06:00:00,2292.59,Debit
TXN968,ACC1003,2023-02-10 07:00:00,2424.01,Credit
TXN969,ACC1002,2023-02-10 08:00:00,2995.25,Credit
TXN970,ACC1002,2023-02-10 09:00:00,2731.34,Debit
TXN971,ACC1003,2023-02-10 10:00:00,4285.27,Credit
TXN972,ACC1001,2023-02-10 11:00:00,342.53,Debit
TXN973,ACC1003,2023-02-10 12:00:00,4183.25,Credit
TXN974,ACC1002,2023-02-10 13:00:00,4235.23,Credit
TXN975,ACC1001,2023-02-10 14:00:00,1496.05,Debit
TXN976,ACC1001,2023-02-10 15:00:00,2367.97,Debit
TXN977,ACC1002,2023-02-10 16:00:00,2248.84,Credit
TXN978,ACC1002,2023-02-10 17:00:00,1170.7,Credit
TXN979,ACC1002,2023-02-10 18:00:00,2044.3,Credit
TXN980,ACC1003,2023-02-10 19:00:00,317.5,Credit
TXN981,ACC1003,2023-02-10 20:00:00,1461.33,Credit
TXN982,ACC1001,2023-02-10 21:00:00,4101.74,Credit
TXN983,ACC1002,2023-02-10 22:00:00,1494.36,Debit
TXN984,ACC1001,2023-02-10 23:00:00,4109.21,Debit
TXN985,ACC1001,2023-02-11 00:00:00,2704.84,Debit
TXN986,ACC1001,2023-02-11 01:00:00,4411.33,Credit
TXN987,ACC1001,2023-02-11 02:00:00,2916.42,Credit
TXN988,ACC1002,2023-02-11 03:00:00,245.37,Credit
TXN989,ACC1001,2023-02-11 04:00:00,3409.56,Debit
TXN990,ACC1002,2023-02-11 05:00:00,319.78,Debit
TXN991,ACC1002,2023-02-11 06:00:00,2307.93,Credit
TXN992,ACC1003,2023-02-11 07:00:00,4654.19,Credit
TXN993,ACC1002,2023-02-11 08:00:00,909.5,Debit
TXN994,ACC1003,2023-02-11 09:00:00,2010.37,Debit
TXN995,ACC1002,2023-02-11 10:00:00,3676.32,Debit
TXN996,ACC1002,2023-02-11 11:00:00,4423.07,Credit
TXN997,ACC1002,2023-02-11 12:00:00,3387.62,Credit
TXN998,ACC1003,2023-02-11 13:00:00,1365.05,Credit
TXN999,ACC1003,2023-02-11 14:00:00,3405.58,Debit
TXN1000,ACC1001,2023-02-11 15:00:00,1553.97,Debit
TXN1001,ACC1003,2023-02-11 16:00:00,3620.3,Credit
TXN1002,ACC1003,2023-02-11 17:00:00,4774.76,Credit
TXN1003,ACC1003,2023-02-11 18:00:00,3634.83,Debit
TXN1004,ACC1003,2023-02-11 19:00:00,4328.11,Credit
TXN1005,ACC1001,2023-02-11 20:00:00,110.31,Debit
TXN1006,ACC1003,2023-02-11 21:00:00,3616.1,Debit
TXN1007,ACC1002,2023-02-11 22:00:00,4164.98,Credit
TXN1008,ACC1002,2023-02-11 23:00:00,298.74,Debit
TXN1009,ACC1003,2023-02-12 00:00:00,4370.83,Credit
TXN1010,ACC1003,2023-02-12 01:00:00,1357.8,Debit
TXN1011,ACC1002,2023-02-12 02:00:00,3359.93,Debit
TXN1012,ACC1002,2023-02-12 03:00:00,4021.74,Credit
TXN1013,ACC1001,2023-02-12 04:00:00,3347.06,Debit
TXN1014,ACC1002,2023-02-12 05:00:00,552.2,Credit
TXN1015,ACC1002,2023-02-12 06:00:00,3021.98,Credit
TXN1016,ACC1003,2023-02-12 07:00:00,2792.96,Debit
TXN1017,ACC1002,2023-02-12 08:00:00,4511.57,Credit
TXN1018,ACC1001,2023-02-12 09:00:00,2080.77,Credit
TXN1019,ACC1002,2023-02-12 10:00:00,1673.3,Credit
TXN1020,ACC1003,2023-02-12 11:00:00,3774.27,Credit
TXN1021,ACC1003,2023-02-12 12:00:00,2122.11,Credit
TXN1022,ACC1002,2023-02-12 13:00:00,3265.87,Credit
TXN1023,ACC1003,2023-02-12 14:00:00,3267.61,Debit
TXN1024,ACC1001,2023-02-12 15:00:00,4451.39,Credit
TXN1025,ACC1001,2023-02-12 16:00:00,3033.59,Debit
TXN1026,ACC1002,2023-02-12 17:00:00,2560.55,Debit
TXN1027,ACC1002,2023-02-12 18:00:00,780.47,Credit
TXN1028,ACC1002,2023-02-12 19:00:00,667.11,Debit
TXN1029,ACC1003,2023-02-12 20:00:00,856.18,Debit
TXN1030,ACC1001,2023-02-12 21:00:00,942.06,Credit
TXN1031,ACC1001,2023-02-12 22:00:00,3225.6,Credit
TXN1032,ACC1003,2023-02-12 23:00:00,3730.81,Credit
TXN1033,ACC1001,2023-02-13 00:00:00,2696.96,Debit
TXN1034,ACC1002,2023-02-13 01:00:00,4162.19,Debit
TXN1035,ACC1002,2023-02-13 02:00:00,4957.19,Credit
TXN1036,ACC1002,2023-02-13 03:00:00,4118.06,Credit
TXN1037,ACC1001,2023-02-13 04:00:00,3504.92,Debit
TXN1038,ACC1002,2023-02-13 05:00:00,2709.21,Debit
TXN1039,ACC1003,2023-02-13 06:00:00,2299.38,Debit
TXN1040,ACC1003,2023-02-13 07:00:00,513.52,Debit
TXN1041,ACC1001,2023-02-13 08:00:00,2056.91,Credit
TXN1042,ACC1003,2023-02-13 09:00:00,4559.66,Debit
TXN1043,ACC1003,2023-02-13 10:00:00,4059.31,Debit
TXN1044,ACC1001,2023-02-13 11:00:00,1158.65,Debit
TXN1045,ACC1002,2023-02-13 12:00:00,2386.38,Debit
TXN1046,ACC1002,2023-02-13 13:00:00,4101.94,Credit
TXN1047,ACC1002,2023-02-13 14:00:00,430.18,Credit
TXN1048,ACC1001,2023-02-13 15:00:00,1998.22,Debit
TXN1049,ACC1003,2023-02-13 16:00:00,4274.02,Debit
TXN1050,ACC1002,2023-02-13 17:00:00,2079.1,Credit
TXN1051,ACC1002,2023-02-13 18:00:00,480.31,Credit
TXN1052,ACC1001,2023-02-13 19:00:00,2758.42,Debit
TXN1053,ACC1002,2023-02-13 20:00:00,4322.54,Debit
TXN1054,ACC1001,2023-02-13 21:00:00,2992.4,Credit
TXN1055,ACC1003,2023-02-13 22:00:00,1208.77,Credit
TXN1056,ACC1001,2023-02-13 23:00:00,1982.77,Credit
TXN1057,ACC1001,2023-02-14 00:00:00,2305.6,Credit
TXN1058,ACC1001,2023-02-14 01:00:00,2938.41,Credit
TXN1059,ACC1001,2023-02-14 02:00:00,3820.82,Credit
TXN1060,ACC1003,2023-02-14 03:00:00,584.48,Debit
TXN1061,ACC1003,2023-02-14 04:00:00,4459.29,Credit
TXN1062,ACC1002,2023-02-14 05:00:00,160.32,Credit
TXN1063,ACC1003,2023-02-14 06:00:00,1913.26,Credit
TXN1064,ACC1003,2023-02-14 07:00:00,234.36,Credit
TXN1065,ACC1002,2023-02-14 08:00:00,2025.57,Debit
TXN1066,ACC1003,2023-02-14 09:00:00,2676.48,Debit
TXN1067,ACC1001,2023-02-14 10:00:00,2607.24,Credit
TXN1068,ACC1001,2023-02-14 11:00:00,911.58,Debit
TXN1069,ACC1002,2023-02-14 12:00:00,3264.13,Debit
TXN1070,ACC1002,2023-02-14 13:00:00,319.41,Debit
TXN1071,ACC1002,2023-02-14 14:00:00,3833.34,Debit
TXN1072,ACC1001,2023-02-14 15:00:00,4738.56,Debit
TXN1073,ACC1003,2023-02-14 16:00:00,1764.87,Debit
TXN1074,ACC1001,2023-02-14 17:00:00,2634.47,Credit
TXN1075,ACC1002,2023-02-14 18:00:00,1956.66,Credit
TXN1076,ACC1003,2023-02-14 19:00:00,132.88,Credit
TXN1077,ACC1003,2023-02-14 20:00:00,1990.79,Credit
TXN1078,ACC1001,2023-02-14 21:00:00,3979.43,Credit
TXN1079,ACC1002,2023-02-14 22:00:00,3020.35,Debit
TXN1080,ACC1001,2023-02-14 23:00:00,596.17,Credit
TXN1081,ACC1003,2023-02-15 00:00:00,4250.98,Credit
TXN1082,ACC1001,2023-02-15 01:00:00,2702.32,Debit
TXN1083,ACC1001,2023-02-15 02:00:00,4224.44,Debit
TXN1084,ACC1002,2023-02-15 03:00:00,2943.09,Credit
TXN1085,ACC1002,2023-02-15 04:00:00,2842.47,Debit
TXN1086,ACC1003,2023-02-15 05:00:00,615.77,Debit
TXN1087,ACC1001,2023-02-15 06:00:00,920.06,Debit
TXN1088,ACC1001,2023-02-15 07:00:00,4862.92,Debit
TXN1089,ACC1001,2023-02-15 08:00:00,1219.59,Credit
TXN1090,ACC1003,2023-02-15 09:00:00,4889.52,Debit
TXN1091,ACC1003,2023-02-15 10:00:00,2706.37,Credit
TXN1092,ACC1002,2023-02-15 11:00:00,765.37,Credit
TXN1093,ACC1002,2023-02-15 12:00:00,586.58,Debit
TXN1094,ACC1002,2023-02-15 13:00:00,1123.43,Debit
TXN1095,ACC1001,2023-02-15 14:00:00,4635.62,Debit
TXN1096,ACC1001,2023-02-15 15:00:00,2129.34,Credit
TXN1097,ACC1002,2023-02-15 16:00:00,2037.63,Debit
TXN1098,ACC1001,2023-02-15 17:00:00,1634.71,Debit
TXN1099,ACC1002,2023-02-15 18:00:00,820.6,Debit
TXN1100,ACC1003,2023-02-15 19:00:00,2490.47,Debit
TXN1101,ACC1002,2023-02-15 20:00:00,737.23,Debit
TXN1102,ACC1003,2023-02-15 21:00:00,4193.85,Credit
TXN1103,ACC1001,2023-02-15 22:00:00,1914.95,Debit
TXN1104,ACC1002,2023-02-15 23:00:00,1936.54,Debit
TXN1105,ACC1001,2023-02-16 00:00:00,2422.63,Debit
TXN1106,ACC1003,2023-02-16 01:00:00,2276.23,Credit
TXN1107,ACC1003,2023-02-16 02:00:00,4974.8,Debit
TXN1108,ACC1003,2023-02-16 03:00:00,2772.37,Credit
TXN1109,ACC1001,2023-02-16 04:00:00,532.19,Credit
TXN1110,ACC1001,2023-02-16 05:00:00,3073.7,Debit
TXN1111,ACC1001,2023-02-16 06:00:00,842.76,Debit
TXN1112,ACC1001,2023-02-16 07:00:00,251.59,Debit
TXN1113,ACC1003,2023-02-16 08:00:00,4856.64,Credit
TXN1114,ACC1003,2023-02-16 09:00:00,3890.34,Credit
TXN1115,ACC1002,2023-02-16 10:00:00,4902.53,Credit
TXN1116,ACC1002,2023-02-16 11:00:00,2441.6,Credit
TXN1117,ACC1001,2023-02-16 12:00:00,2708.06,Credit
TXN1118,ACC1003,2023-02-16 13:00:00,924.85,Credit
TXN1119,ACC1003,2023-02-16 14:00:00,1309.85,Debit
TXN1120,ACC1003,2023-02-16 15:00:00,4208.89,Debit
TXN1121,ACC1002,2023-02-16 16:00:00,1845.31,Credit
TXN1122,ACC1002,2023-02-16 17:00:00,4151.39,Debit
TXN1123,ACC1003,2023-02-16 18:00:00,3574.17,Debit
TXN1124,ACC1003,2023-02-16 19:00:00,968.14,Credit
TXN1125,ACC1003,2023-02-16 20:00:00,2586.49,Credit
TXN1126,ACC1002,2023-02-16 21:00:00,3419.2,Debit
TXN1127,ACC1003,2023-02-16 22:00:00,1251.68,Credit
TXN1128,ACC1003,2023-02-16 23:00:00,4170.37,Credit
TXN1129,ACC1001,2023-02-17 00:00:00,2769.66,Debit
TXN1130,ACC1001,2023-02-17 01:00:00,909.69,Credit
TXN1131,ACC1002,2023-02-17 02:00:00,2956.62,Debit
TXN1132,ACC1003,2023-02-17 03:00:00,4998.6,Debit
TXN1133,ACC1003,2023-02-17 04:00:00,837.56,Debit
TXN1134,ACC1001,2023-02-17 05:00:00,4102.11,Debit
TXN1135,ACC1002,2023-02-17 06:00:00,1115.81,Debit
TXN1136,ACC1001,2023-02-17 07:00:00,3933.7,Credit
TXN1137,ACC1001,2023-02-17 08:00:00,3699.43,Credit
TXN1138,ACC1001,2023-02-17 09:00:00,1572.4,Credit
TXN1139,ACC1001,2023-02-17 10:00:00,1696.53,Credit
TXN1140,ACC1003,2023-02-17 11:00:00,3983.35,Debit
TXN1141,ACC1003,2023-02-17 12:00:00,2361.08,Debit
TXN1142,ACC1001,2023-02-17 13:00:00,3681.01,Credit
TXN1143,ACC1002,2023-02-17 14:00:00,825.12,Debit
TXN1144,ACC1002,2023-02-17 15:00:00,4277.53,Credit
TXN1145,ACC1002,2023-02-17 16:00:00,3583.34,Credit
TXN1146,ACC1002,2023-02-17 17:00:00,4544.02,Credit
TXN1147,ACC1001,2023-02-17 18:00:00,748.62,Debit
TXN1148,ACC1003,2023-02-17 19:00:00,3005.77,Debit
TXN1149,ACC1002,2023-02-17 20:00:00,3035.69,Debit
TXN1150,ACC1001,2023-02-17 21:00:00,1831.96,Debit
TXN1151,ACC1002,2023-02-17 22:00:00,2346.49,Credit
TXN1152,ACC1002,2023-02-17 23:00:00,286.11,Debit
TXN1153,ACC1001,2023-02-18 00:00:00,3754.71,Debit
TXN1154,ACC1003,2023-02-18 01:00:00,2791.68,Debit
TXN1155,ACC1003,2023-02-18 02:00:00,382.93,Credit
TXN1156,ACC1001,2023-02-18 03:00:00,3435.7,Credit
TXN1157,ACC1003,2023-02-18 04:00:00,2387.23,Debit
TXN1158,ACC1001,2023-02-18 05:00:00,268.86,Debit
TXN1159,ACC1001,2023-02-18 06:00:00,4851.08,Debit
TXN1160,ACC1001,2023-02-18 07:00:00,4750.65,Debit
TXN1161,ACC1003,2023-02-18 08:00:00,2613.22,Credit
TXN1162,ACC1001,2023-02-18 09:00:00,558.99,Debit
TXN1163,ACC1002,2023-02-18 10:00:00,3797.64,Debit
TXN1164,ACC1003,2023-02-18 11:00:00,2510.46,Debit
TXN1165,ACC1003,2023-02-18 12:00:00,1581.99,Credit
TXN1166,ACC1003,2023-02-18 13:00:00,2507.95,Credit
TXN1167,ACC1003,2023-02-18 14:00:00,2659.98,Debit
TXN1168,ACC1002,2023-02-18 15:00:00,2857.29,Debit
TXN1169,ACC1003,2023-02-18 16:00:00,2262.0,Debit
TXN1170,ACC1003,2023-02-18 17:00:00,3068.2,Debit
TXN1171,ACC1001,2023-02-18 18:00:00,4601.8,Debit
TXN1172,ACC1003,2023-02-18 19:00:00,1875.11,Credit
TXN1173,ACC1002,2023-02-18 20:00:00,3656.01,Credit
TXN1174,ACC1002,2023-02-18 21:00:00,4482.82,Credit
TXN1175,ACC1002,2023-02-18 22:00:00,2334.3,Debit
TXN1176,ACC1002,2023-02-18 23:00:00,2272.93,Credit
TXN1177,ACC1003,2023-02-19 00:00:00,3050.37,Credit
TXN1178,ACC1003,2023-02-19 01:00:00,2997.89,Credit
TXN1179,ACC1002,2023-02-19 02:00:00,4052.29,Debit
TXN1180,ACC1002,2023-02-19 03:00:00,2434.77,Debit
TXN1181,ACC1003,2023-02-19 04:00:00,4981.0,Credit
TXN1182,ACC1002,2023-02-19 05:00:00,391.41,Debit
TXN1183,ACC1001,2023-02-19 06:00:00,115.52,Credit
TXN1184,ACC1002,2023-02-19 07:00:00,3236.97,Credit
TXN1185,ACC1002,2023-02-19 08:00:00,1562.33,Credit
TXN1186,ACC1001,2023-02-19 09:00:00,1277.87,Credit
TXN1187,ACC1001,2023-02-19 10:00:00,1628.31,Debit
TXN1188,ACC1003,2023-02-19 11:00:00,1354.63,Debit
TXN1189,ACC1003,2023-02-19 12:00:00,250.87,Debit
TXN1190,ACC1001,2023-02-19 13:00:00,4860.51,Debit
TXN1191,ACC1001,2023-02-19 14:00:00,1181.65,Credit
TXN1192,ACC1003,2023-02-19 15:00:00,3696.75,Debit
TXN1193,ACC1002,2023-02-19 16:00:00,3836.72,Credit
TXN1194,ACC1001,2023-02-19 17:00:00,4653.36,Debit
TXN1195,ACC1003,2023-02-19 18:00:00,249.69,Debit
TXN1196,ACC1002,2023-02-19 19:00:00,4373.04,Debit
TXN1197,ACC1001,2023-02-19 20:00:00,2683.41,Credit
TXN1198,ACC1002,2023-02-19 21:00:00,3199.47,Credit
TXN1199,ACC1003,2023-02-19 22:00:00,3257.9,Credit
TXN1200,ACC1001,2023-02-19 23:00:00,4117.01,Credit
TXN1201,ACC1002,2023-02-20 00:00:00,1733.7,Debit
TXN1202,ACC1001,2023-02-20 01:00:00,3691.95,Credit
TXN1203,ACC1002,2023-02-20 02:00:00,2690.03,Credit
TXN1204,ACC1003,2023-02-20 03:00:00,3987.63,Debit
TXN1205,ACC1003,2023-02-20 04:00:00,4953.68,Debit
TXN1206,ACC1001,2023-02-20 05:00:00,1083.19,Credit
TXN1207,ACC1002,2023-02-20 06:00:00,4973.78,Debit
TXN1208,ACC1001,2023-02-20 07:00:00,540.08,Credit
TXN1209,ACC1001,2023-02-20 08:00:00,111.36,Debit
TXN1210,ACC1002,2023-02-20 09:00:00,316.39,Credit
TXN1211,ACC1002,2023-02-20 10:00:00,1774.73,Credit
TXN1212,ACC1002,2023-02-20 11:00:00,3201.24,Credit
TXN1213,ACC1003,2023-02-20 12:00:00,438.24,Credit
TXN1214,ACC1001,2023-02-20 13:00:00,127.76,Credit
TXN1215,ACC1001,2023-02-20 14:00:00,4691.75,Debit
TXN1216,ACC1003,2023-02-20 15:00:00,4127.44,Credit
TXN1217,ACC1002,2023-02-20 16:00:00,4065.0,Credit
TXN1218,ACC1003,2023-02-20 17:00:00,4433.68,Credit
TXN1219,ACC1003,2023-02-20 18:00:00,3530.17,Credit
TXN1220,ACC1003,2023-02-20 19:00:00,611.58,Credit
TXN1221,ACC1001,2023-02-20 20:00:00,2055.59,Debit
TXN1222,ACC1003,2023-02-20 21:00:00,3643.43,Debit
TXN1223,ACC1001,2023-02-20 22:00:00,1473.64,Credit
TXN1224,ACC1001,2023-02-20 23:00:00,3468.29,Debit
TXN1225,ACC1001,2023-02-21 00:00:00,220.04,Credit
TXN1226,ACC1002,2023-02-21 01:00:00,1600.07,Debit
TXN1227,ACC1001,2023-02-21 02:00:00,2790.74,Debit
TXN1228,ACC1001,2023-02-21 03:00:00,3197.24,Credit
TXN1229,ACC1002,2023-02-21 04:00:00,2927.5,Debit
TXN1230,ACC1001,2023-02-21 05:00:00,3519.01,Debit
TXN1231,ACC1003,2023-02-21 06:00:00,129.83,Credit
TXN1232,ACC1003,2023-02-21 07:00:00,594.61,Credit
TXN1233,ACC1001,2023-02-21 08:00:00,4357.83,Debit
TXN1234,ACC1002,2023-02-21 09:00:00,3440.57,Debit
TXN1235,ACC1003,2023-02-21 10:00:00,653.37,Debit
TXN1236,ACC1002,2023-02-21 11:00:00,4226.16,Credit
TXN1237,ACC1002,2023-02-21 12:00:00,1286.93,Debit
TXN1238,ACC1003,2023-02-21 13:00:00,2443.47,Debit
TXN1239,ACC1002,2023-02-21 14:00:00,811.46,Debit
TXN1240,ACC1003,2023-02-21 15:00:00,3579.54,Credit
TXN1241,ACC1002,2023-02-21 16:00:00,3367.59,Credit
TXN1242,ACC1003,2023-02-21 17:00:00,1134.45,Credit
TXN1243,ACC1001,2023-02-21 18:00:00,4330.66,Credit
TXN1244,ACC1003,2023-02-21 19:00:00,2066.4,Debit
TXN1245,ACC1003,2023-02-21 20:00:00,1533.32,Credit
TXN1246,ACC1003,2023-02-21 21:00:00,846.41,Debit
TXN1247,ACC1003,2023-02-21 22:00:00,1404.22,Debit
TXN1248,ACC1002,2023-02-21 23:00:00,207.93,Debit
TXN1249,ACC1001,2023-02-22 00:00:00,2957.96,Debit
TXN1250,ACC1003,2023-02-22 01:00:00,4226.93,Credit
TXN1251,ACC1002,2023-02-22 02:00:00,2790.0,Credit
TXN1252,ACC1001,2023-02-22 03:00:00,1174.44,Credit
TXN1253,ACC1001,2023-02-22 04:00:00,264.98,Credit
TXN1254,ACC1001,2023-02-22 05:00:00,1151.68,Credit
TXN1255,ACC1001,2023-02-22 06:00:00,2138.99,Debit
TXN1256,ACC1003,2023-02-22 07:00:00,3822.1,Credit
TXN1257,ACC1003,2023-02-22 08:00:00,1020.43,Credit
TXN1258,ACC1002,2023-02-22 09:00:00,3626.98,Credit
TXN1259,ACC1002,2023-02-22 10:00:00,4347.97,Credit
TXN1260,ACC1002,2023-02-22 11:00:00,2324.34,Debit
TXN1261,ACC1001,2023-02-22 12:00:00,4125.02,Debit
TXN1262,ACC1001,2023-02-22 13:00:00,2817.82,Debit
TXN1263,ACC1003,2023-02-22 14:00:00,3221.75,Debit
TXN1264,ACC1001,2023-02-22 15:00:00,2678.76,Debit
TXN1265,ACC1001,2023-02-22 16:00:00,2369.55,Credit
TXN1266,ACC1001,2023-02-22 17:00:00,1249.8,Debit
TXN1267,ACC1002,2023-02-22 18:00:00,1585.65,Debit
TXN1268,ACC1002,2023-02-22 19:00:00,1520.85,Debit
TXN1269,ACC1003,2023-02-22 20:00:00,2860.12,Credit
TXN1270,ACC1001,2023-02-22 21:00:00,687.77,Credit
TXN1271,ACC1001,2023-02-22 22:00:00,4592.28,Debit
TXN1272,ACC1003,2023-02-22 23:00:00,3631.21,Credit
TXN1273,ACC1001,2023-02-23 00:00:00,2067.08,Credit
TXN1274,ACC1001,2023-02-23 01:00:00,877.26,Debit
TXN1275,ACC1002,2023-02-23 02:00:00,4421.76,Credit
TXN1276,ACC1003,2023-02-23 03:00:00,4136.51,Credit
TXN1277,ACC1003,2023-02-23 04:00:00,3636.44,Credit
TXN1278,ACC1003,2023-02-23 05:00:00,1430.58,Debit
TXN1279,ACC1003,2023-02-23 06:00:00,2071.99,Debit
TXN1280,ACC1002,2023-02-23 07:00:00,603.47,Debit
TXN1281,ACC1002,2023-02-23 08:00:00,1026.29,Credit
TXN1282,ACC1001,2023-02-23 09:00:00,3936.78,Debit
TXN1283,ACC1001,2023-02-23 10:00:00,3603.69,Credit
TXN1284,ACC1001,2023-02-23 11:00:00,3008.08,Credit
TXN1285,ACC1001,2023-02-23 12:00:00,4489.06,Credit
TXN1286,ACC1002,2023-02-23 13:00:00,2958.01,Debit
TXN1287,ACC1003,2023-02-23 14:00:00,2388.14,Debit
TXN1288,ACC1002,2023-02-23 15:00:00,1767.82,Debit
TXN1289,ACC1001,2023-02-23 16:00:00,4708.2,Debit
TXN1290,ACC1002,2023-02-23 17:00:00,505.31,Credit
TXN1291,ACC1003,2023-02-23 18:00:00,4661.35,Debit
TXN1292,ACC1003,2023-02-23 19:00:00,4150.9,Credit
TXN1293,ACC1002,2023-02-23 20:00:00,736.66,Debit
TXN1294,ACC1002,2023-02-23 21:00:00,2868.42,Debit
TXN1295,ACC1002,2023-02-23 22:00:00,4346.09,Debit
TXN1296,ACC1001,2023-02-23 23:00:00,2901.86,Credit
TXN1297,ACC1002,2023-02-24 00:00:00,4545.28,Credit
TXN1298,ACC1002,2023-02-24 01:00:00,4720.62,Credit
TXN1299,ACC1002,2023-02-24 02:00:00,2169.68,Credit
TXN1300,ACC1003,2023-02-24 03:00:00,1948.84,Credit
TXN1301,ACC1003,2023-02-24 04:00:00,4687.97,Debit
TXN1302,ACC1001,2023-02-24 05:00:00,3408.19,Credit
TXN1303,ACC1001,2023-02-24 06:00:00,668.51,Credit
TXN1304,ACC1003,2023-02-24 07:00:00,307.23,Credit
TXN1305,ACC1003,2023-02-24 08:00:00,2866.68,Credit
TXN1306,ACC1003,2023-02-24 09:00:00,4657.84,Debit
TXN1307,ACC1002,2023-02-24 10:00:00,4236.82,Credit
TXN1308,ACC1002,2023-02-24 11:00:00,3411.65,Debit
TXN1309,ACC1003,2023-02-24 12:00:00,781.67,Debit
TXN1310,ACC1002,2023-02-24 13:00:00,1345.73,Debit
TXN1311,ACC1002,2023-02-24 14:00:00,4390.01,Credit
TXN1312,ACC1001,2023-02-24 15:00:00,995.76,Debit
TXN1313,ACC1003,2023-02-24 16:00:00,1464.35,Credit
TXN1314,ACC1003,2023-02-24 17:00:00,735.04,Credit
TXN1315,ACC1002,2023-02-24 18:00:00,3412.93,Credit
TXN1316,ACC1003,2023-02-24 19:00:00,4725.51,Credit
TXN1317,ACC1001,2023-02-24 20:00:00,1417.94,Credit
TXN1318,ACC1001,2023-02-24 21:00:00,2429.49,Debit
TXN1319,ACC1001,2023-02-24 22:00:00,3208.26,Debit
TXN1320,ACC1003,2023-02-24 23:00:00,4997.38,Credit
TXN1321,ACC1003,2023-02-25 00:00:00,613.56,Debit
TXN1322,ACC1003,2023-02-25 01:00:00,2543.0,Credit
TXN1323,ACC1003,2023-02-25 02:00:00,1987.09,Debit
TXN1324,ACC1003,2023-02-25 03:00:00,4342.52,Debit
TXN1325,ACC1001,2023-02-25 04:00:00,2432.24,Debit
TXN1326,ACC1002,2023-02-25 05:00:00,643.79,Debit
TXN1327,ACC1001,2023-02-25 06:00:00,3208.68,Debit
TXN1328,ACC1003,2023-02-25 07:00:00,3876.83,Credit
TXN1329,ACC1001,2023-02-25 08:00:00,114.12,Credit
TXN1330,ACC1003,2023-02-25 09:00:00,4308.89,Debit
TXN1331,ACC1003,2023-02-25 10:00:00,1011.51,Credit
TXN1332,ACC1001,2023-02-25 11:00:00,2805.14,Debit
TXN1333,ACC1003,2023-02-25 12:00:00,2137.41,Credit
TXN1334,ACC1002,2023-02-25 13:00:00,3626.3,Debit
TXN1335,ACC1003,2023-02-25 14:00:00,1918.69,Debit
TXN1336,ACC1002,2023-02-25 15:00:00,4361.84,Debit
TXN1337,ACC1002,2023-02-25 16:00:00,3679.43,Credit
TXN1338,ACC1003,2023-02-25 17:00:00,3273.79,Credit
TXN1339,ACC1001,2023-02-25 18:00:00,4001.58,Debit
TXN1340,ACC1002,2023-02-25 19:00:00,3794.71,Debit
TXN1341,ACC1001,2023-02-25 20:00:00,276.1,Credit
TXN1342,ACC1002,2023-02-25 21:00:00,2034.2,Credit
TXN1343,ACC1003,2023-02-25 22:00:00,4660.96,Credit
TXN1344,ACC1003,2023-02-25 23:00:00,716.05,Credit
TXN1345,ACC1002,2023-02-26 00:00:00,3711.77,Credit
TXN1346,ACC1003,2023-02-26 01:00:00,4875.5,Debit
TXN1347,ACC1002,2023-02-26 02:00:00,355.77,Credit
TXN1348,ACC1003,2023-02-26 03:00:00,3442.75,Debit
TXN1349,ACC1001,2023-02-26 04:00:00,2393.96,Debit
TXN1350,ACC1003,2023-02-26 05:00:00,2937.96,Credit
TXN1351,ACC1001,2023-02-26 06:00:00,518.17,Credit
TXN1352,ACC1003,2023-02-26 07:00:00,310.73,Debit
TXN1353,ACC1001,2023-02-26 08:00:00,3367.65,Credit
TXN1354,ACC1003,2023-02-26 09:00:00,4134.22,Debit
TXN1355,ACC1001,2023-02-26 10:00:00,3931.88,Credit
TXN1356,ACC1002,2023-02-26 11:00:00,2764.65,Credit
TXN1357,ACC1002,2023-02-26 12:00:00,589.35,Credit
TXN1358,ACC1001,2023-02-26 13:00:00,3471.42,Debit
TXN1359,ACC1003,2023-02-26 14:00:00,1285.26,Credit
TXN1360,ACC1001,2023-02-26 15:00:00,4564.24,Debit
TXN1361,ACC1003,2023-02-26 16:00:00,4207.5,Credit
TXN1362,ACC1002,2023-02-26 17:00:00,3575.98,Debit
TXN1363,ACC1003,2023-02-26 18:00:00,4749.35,Credit
TXN1364,ACC1002,2023-02-26 19:00:00,253.97,Debit
TXN1365,ACC1003,2023-02-26 20:00:00,3707.38,Debit
TXN1366,ACC1003,2023-02-26 21:00:00,1718.19,Debit
TXN1367,ACC1003,2023-02-26 22:00:00,4539.72,Debit
TXN1368,ACC1001,2023-02-26 23:00:00,1406.71,Debit
TXN1369,ACC1001,2023-02-27 00:00:00,3651.8,Debit
TXN1370,ACC1002,2023-02-27 01:00:00,4400.47,Credit
TXN1371,ACC1002,2023-02-27 02:00:00,304.12,Debit
TXN1372,ACC1001,2023-02-27 03:00:00,2048.47,Debit
TXN1373,ACC1002,2023-02-27 04:00:00,3835.31,Debit
TXN1374,ACC1001,2023-02-27 05:00:00,2329.1,Credit
TXN1375,ACC1003,2023-02-27 06:00:00,1409.54,Credit
TXN1376,ACC1002,2023-02-27 07:00:00,1177.05,Credit
TXN1377,ACC1002,2023-02-27 08:00:00,744.44,Debit
TXN1378,ACC1001,2023-02-27 09:00:00,4299.93,Credit
TXN1379,ACC1002,2023-02-27 10:00:00,2919.24,Credit
TXN1380,ACC1002,2023-02-27 11:00:00,474.29,Debit
TXN1381,ACC1003,2023-02-27 12:00:00,1974.64,Debit
TXN1382,ACC1002,2023-02-27 13:00:00,1901.89,Credit
TXN1383,ACC1003,2023-02-27 14:00:00,990.52,Debit
TXN1384,ACC1001,2023-02-27 15:00:00,2233.99,Debit
TXN1385,ACC1002,2023-02-27 16:00:00,1727.29,Debit
TXN1386,ACC1003,2023-02-27 17:00:00,1774.84,Debit
TXN1387,ACC1001,2023-02-27 18:00:00,3721.23,Credit
TXN1388,ACC1002,2023-02-27 19:00:00,1193.99,Debit
TXN1389,ACC1001,2023-02-27 20:00:00,3245.11,Credit
TXN1390,ACC1002,2023-02-27 21:00:00,2896.18,Credit
TXN1391,ACC1001,2023-02-27 22:00:00,2883.65,Credit
TXN1392,ACC1001,2023-02-27 23:00:00,3348.74,Credit
TXN1393,ACC1003,2023-02-28 00:00:00,2787.07,Debit
TXN1394,ACC1001,2023-02-28 01:00:00,4408.35,Debit
TXN1395,ACC1002,2023-02-28 02:00:00,3410.34,Debit
TXN1396,ACC1002,2023-02-28 03:00:00,2780.12,Credit
TXN1397,ACC1003,2023-02-28 04:00:00,4165.84,Credit
TXN1398,ACC1002,2023-02-28 05:00:00,3070.12,Credit
TXN1399,ACC1002,2023-02-28 06:00:00,1526.61,Debit
TXN1400,ACC1002,2023-02-28 07:00:00,1114.77,Credit
TXN1401,ACC1001,2023-02-28 08:00:00,846.41,Debit
TXN1402,ACC1001,2023-02-28 09:00:00,4507.33,Debit
TXN1403,ACC1002,2023-02-28 10:00:00,3579.66,Debit
TXN1404,ACC1003,2023-02-28 11:00:00,4693.15,Debit
TXN1405,ACC1001,2023-02-28 12:00:00,3056.13,Credit
TXN1406,ACC1003,2023-02-28 13:00:00,2419.66,Debit
TXN1407,ACC1002,2023-02-28 14:00:00,392.61,Credit
TXN1408,ACC1002,2023-02-28 15:00:00,3391.05,Debit
TXN1409,ACC1001,2023-02-28 16:00:00,2952.82,Credit
TXN1410,ACC1002,2023-02-28 17:00:00,4952.02,Credit
TXN1411,ACC1001,2023-02-28 18:00:00,1271.88,Debit
TXN1412,ACC1002,2023-02-28 19:00:00,2700.61,Debit
TXN1413,ACC1002,2023-02-28 20:00:00,3289.69,Debit
TXN1414,ACC1001,2023-02-28 21:00:00,3258.5,Credit
TXN1415,ACC1001,2023-02-28 22:00:00,2850.34,Debit
TXN1416,ACC1001,2023-02-28 23:00:00,3906.95,Debit
TXN1417,ACC1002,2023-03-01 00:00:00,1104.41,Credit
TXN1418,ACC1002,2023-03-01 01:00:00,3655.57,Debit
TXN1419,ACC1003,2023-03-01 02:00:00,3136.7,Credit
TXN1420,ACC1001,2023-03-01 03:00:00,4490.77,Debit
TXN1421,ACC1002,2023-03-01 04:00:00,4251.25,Credit
TXN1422,ACC1002,2023-03-01 05:00:00,1644.22,Credit
TXN1423,ACC1001,2023-03-01 06:00:00,1453.56,Debit
TXN1424,ACC1003,2023-03-01 07:00:00,4910.1,Credit
TXN1425,ACC1001,2023-03-01 08:00:00,2683.6,Debit
TXN1426,ACC1003,2023-03-01 09:00:00,4541.46,Debit
TXN1427,ACC1002,2023-03-01 10:00:00,903.02,Credit
TXN1428,ACC1003,2023-03-01 11:00:00,3249.81,Debit
TXN1429,ACC1002,2023-03-01 12:00:00,4068.31,Credit
TXN1430,ACC1001,2023-03-01 13:00:00,4742.24,Credit
TXN1431,ACC1001,2023-03-01 14:00:00,1752.97,Credit
TXN1432,ACC1001,2023-03-01 15:00:00,3652.41,Credit
TXN1433,ACC1003,2023-03-01 16:00:00,2740.18,Credit
TXN1434,ACC1002,2023-03-01 17:00:00,397.08,Credit
TXN1435,ACC1001,2023-03-01 18:00:00,3481.0,Credit
TXN1436,ACC1001,2023-03-01 19:00:00,3481.47,Credit
TXN1437,ACC1002,2023-03-01 20:00:00,4659.97,Debit
TXN1438,ACC1001,2023-03-01 21:00:00,2536.83,Debit
TXN1439,ACC1002,2023-03-01 22:00:00,1228.23,Credit
TXN1440,ACC1002,2023-03-01 23:00:00,318.36,Debit
TXN1441,ACC1002,2023-03-02 00:00:00,2136.65,Debit
TXN1442,ACC1002,2023-03-02 01:00:00,1579.39,Debit
TXN1443,ACC1002,2023-03-02 02:00:00,3829.33,Debit
TXN1444,ACC1003,2023-03-02 03:00:00,1835.91,Debit
TXN1445,ACC1001,2023-03-02 04:00:00,4750.45,Debit
TXN1446,ACC1003,2023-03-02 05:00:00,4815.32,Credit
TXN1447,ACC1001,2023-03-02 06:00:00,3142.45,Debit
TXN1448,ACC1003,2023-03-02 07:00:00,4650.44,Debit
TXN1449,ACC1002,2023-03-02 08:00:00,3828.19,Debit
TXN1450,ACC1001,2023-03-02 09:00:00,2779.61,Debit
TXN1451,ACC1001,2023-03-02 10:00:00,983.51,Credit
TXN1452,ACC1003,2023-03-02 11:00:00,2347.13,Credit
TXN1453,ACC1003,2023-03-02 12:00:00,2848.28,Credit
TXN1454,ACC1001,2023-03-02 13:00:00,4333.41,Credit
TXN1455,ACC1003,2023-03-02 14:00:00,2458.53,Debit
TXN1456,ACC1003,2023-03-02 15:00:00,4498.61,Credit
TXN1457,ACC1003,2023-03-02 16:00:00,3404.31,Credit
TXN1458,ACC1002,2023-03-02 17:00:00,771.3,Credit
TXN1459,ACC1002,2023-03-02 18:00:00,4975.41,Credit
TXN1460,ACC1003,2023-03-02 19:00:00,2683.44,Debit
TXN1461,ACC1003,2023-03-02 20:00:00,2020.11,Credit
TXN1462,ACC1002,2023-03-02 21:00:00,3329.66,Debit
TXN1463,ACC1002,2023-03-02 22:00:00,633.58,Credit
TXN1464,ACC1001,2023-03-02 23:00:00,3219.04,Debit
TXN1465,ACC1001,2023-03-03 00:00:00,2541.36,Debit
TXN1466,ACC1002,2023-03-03 01:00:00,2092.7,Credit
TXN1467,ACC1003,2023-03-03 02:00:00,4769.8,Credit
TXN1468,ACC1003,2023-03-03 03:00:00,2660.44,Credit
TXN1469,ACC1003,2023-03-03 04:00:00,1173.68,Credit
TXN1470,ACC1003,2023-03-03 05:00:00,2348.92,Debit
TXN1471,ACC1001,2023-03-03 06:00:00,4605.0,Debit
TXN1472,ACC1002,2023-03-03 07:00:00,962.87,Credit
TXN1473,ACC1003,2023-03-03 08:00:00,1148.39,Credit
TXN1474,ACC1001,2023-03-03 09:00:00,163.84,Debit
TXN1475,ACC1003,2023-03-03 10:00:00,169.53,Credit
TXN1476,ACC1002,2023-03-03 11:00:00,4164.02,Debit
TXN1477,ACC1001,2023-03-03 12:00:00,3687.4,Credit
TXN1478,ACC1002,2023-03-03 13:00:00,1839.7,Debit
TXN1479,ACC1002,2023-03-03 14:00:00,3521.72,Debit
TXN1480,ACC1001,2023-03-03 15:00:00,2036.51,Debit
TXN1481,ACC1001,2023-03-03 16:00:00,4769.19,Debit
TXN1482,ACC1001,2023-03-03 17:00:00,4838.56,Debit
TXN1483,ACC1001,2023-03-03 18:00:00,2024.69,Credit
TXN1484,ACC1001,2023-03-03 19:00:00,4285.69,Debit
TXN1485,ACC1001,2023-03-03 20:00:00,3888.14,Credit
TXN1486,ACC1001,2023-03-03 21:00:00,1619.0,Debit
TXN1487,ACC1003,2023-03-03 22:00:00,1237.0,Debit
TXN1488,ACC1002,2023-03-03 23:00:00,2345.35,Credit
TXN1489,ACC1001,2023-03-04 00:00:00,3928.61,Credit
TXN1490,ACC1003,2023-03-04 01:00:00,4804.82,Credit
TXN1491,ACC1003,2023-03-04 02:00:00,3841.54,Credit
TXN1492,ACC1003,2023-03-04 03:00:00,4290.51,Debit
TXN1493,ACC1002,2023-03-04 04:00:00,3055.02,Credit
TXN1494,ACC1001,2023-03-04 05:00:00,4193.5,Debit
TXN1495,ACC1003,2023-03-04 06:00:00,3943.66,Credit
TXN1496,ACC1002,2023-03-04 07:00:00,1947.23,Credit
TXN1497,ACC1002,2023-03-04 08:00:00,2804.75,Debit
TXN1498,ACC1002,2023-03-04 09:00:00,4043.29,Debit
TXN1499,ACC1003,2023-03-04 10:00:00,325.68,Credit
TXN1500,ACC1001,2023-03-04 11:00:00,4059.59,Debit
TXN1501,ACC1003,2023-03-04 12:00:00,971.65,Debit
TXN1502,ACC1003,2023-03-04 13:00:00,2621.95,Debit
TXN1503,ACC1001,2023-03-04 14:00:00,4060.55,Debit
TXN1504,ACC1001,2023-03-04 15:00:00,1343.72,Debit
TXN1505,ACC1001,2023-03-04 16:00:00,1304.46,Debit
TXN1506,ACC1002,2023-03-04 17:00:00,2073.55,Debit
TXN1507,ACC1001,2023-03-04 18:00:00,4483.75,Debit
TXN1508,ACC1003,2023-03-04 19:00:00,102.17,Credit
TXN1509,ACC1001,2023-03-04 20:00:00,4516.78,Debit
TXN1510,ACC1003,2023-03-04 21:00:00,853.65,Credit
TXN1511,ACC1002,2023-03-04 22:00:00,4951.42,Debit
TXN1512,ACC1003,2023-03-04 23:00:00,4778.75,Debit
TXN1513,ACC1003,2023-03-05 00:00:00,2523.91,Debit
TXN1514,ACC1001,2023-03-05 01:00:00,2612.33,Debit
TXN1515,ACC1001,2023-03-05 02:00:00,2459.59,Credit
TXN1516,ACC1003,2023-03-05 03:00:00,3213.67,Credit
TXN1517,ACC1001,2023-03-05 04:00:00,544.54,Debit
TXN1518,ACC1002,2023-03-05 05:00:00,259.83,Credit
TXN1519,ACC1002,2023-03-05 06:00:00,382.74,Debit
TXN1520,ACC1001,2023-03-05 07:00:00,2277.39,Debit
TXN1521,ACC1002,2023-03-05 08:00:00,1450.18,Credit
TXN1522,ACC1001,2023-03-05 09:00:00,3147.99,Credit
TXN1523,ACC1003,2023-03-05 10:00:00,4962.97,Debit
TXN1524,ACC1003,2023-03-05 11:00:00,1992.98,Debit
TXN1525,ACC1002,2023-03-05 12:00:00,2911.82,Credit
TXN1526,ACC1001,2023-03-05 13:00:00,2136.46,Debit
TXN1527,ACC1001,2023-03-05 14:00:00,4251.63,Credit
TXN1528,ACC1002,2023-03-05 15:00:00,4520.96,Debit
TXN1529,ACC1003,2023-03-05 16:00:00,4399.04,Debit
TXN1530,ACC1002,2023-03-05 17:00:00,4874.42,Credit
TXN1531,ACC1003,2023-03-05 18:00:00,234.84,Credit
TXN1532,ACC1001,2023-03-05 19:00:00,4215.1,Credit
TXN1533,ACC1003,2023-03-05 20:00:00,3783.68,Debit
TXN1534,ACC1002,2023-03-05 21:00:00,1220.6,Debit
TXN1535,ACC1001,2023-03-05 22:00:00,4785.97,Debit
TXN1536,ACC1002,2023-03-05 23:00:00,826.07,Debit
TXN1537,ACC1002,2023-03-06 00:00:00,3429.79,Credit
TXN1538,ACC1003,2023-03-06 01:00:00,1201.96,Debit
TXN1539,ACC1002,2023-03-06 02:00:00,2213.77,Debit
TXN1540,ACC1003,2023-03-06 03:00:00,3623.88,Debit
TXN1541,ACC1001,2023-03-06 04:00:00,2860.29,Credit
TXN1542,ACC1003,2023-03-06 05:00:00,2194.76,Debit
TXN1543,ACC1001,2023-03-06 06:00:00,1699.06,Debit
TXN1544,ACC1003,2023-03-06 07:00:00,4214.33,Credit
TXN1545,ACC1002,2023-03-06 08:00:00,804.69,Debit
TXN1546,ACC1003,2023-03-06 09:00:00,2207.5,Debit
TXN1547,ACC1003,2023-03-06 10:00:00,4528.41,Credit
TXN1548,ACC1001,2023-03-06 11:00:00,4244.66,Debit
TXN1549,ACC1002,2023-03-06 12:00:00,2064.61,Debit
TXN1550,ACC1003,2023-03-06 13:00:00,3839.23,Debit
TXN1551,ACC1002,2023-03-06 14:00:00,4133.49,Credit
TXN1552,ACC1003,2023-03-06 15:00:00,4455.55,Debit
TXN1553,ACC1003,2023-03-06 16:00:00,2768.08,Debit
TXN1554,ACC1002,2023-03-06 17:00:00,1101.86,Credit
TXN1555,ACC1003,2023-03-06 18:00:00,1351.01,Credit
TXN1556,ACC1002,2023-03-06 19:00:00,1548.9,Debit
TXN1557,ACC1003,2023-03-06 20:00:00,3009.63,Debit
TXN1558,ACC1001,2023-03-06 21:00:00,260.77,Debit
TXN1559,ACC1002,2023-03-06 22:00:00,3216.61,Debit
TXN1560,ACC1003,2023-03-06 23:00:00,1885.34,Credit
TXN1561,ACC1003,2023-03-07 00:00:00,1546.68,Debit
TXN1562,ACC1001,2023-03-07 01:00:00,4409.53,Credit
TXN1563,ACC1002,2023-03-07 02:00:00,2354.01,Credit
TXN1564,ACC1003,2023-03-07 03:00:00,565.76,Debit
TXN1565,ACC1001,2023-03-07 04:00:00,4151.06,Debit
TXN1566,ACC1003,2023-03-07 05:00:00,333.44,Credit
TXN1567,ACC1002,2023-03-07 06:00:00,3661.07,Credit
TXN1568,ACC1003,2023-03-07 07:00:00,3892.14,Debit
TXN1569,ACC1003,2023-03-07 08:00:00,1827.75,Credit
TXN1570,ACC1003,2023-03-07 09:00:00,4141.46,Debit
TXN1571,ACC1003,2023-03-07 10:00:00,2626.73,Debit
TXN1572,ACC1001,2023-03-07 11:00:00,2370.14,Credit
TXN1573,ACC1001,2023-03-07 12:00:00,322.48,Credit
TXN1574,ACC1002,2023-03-07 13:00:00,1521.14,Debit
TXN1575,ACC1001,2023-03-07 14:00:00,4661.95,Credit
TXN1576,ACC1001,2023-03-07 15:00:00,2019.94,Debit
TXN1577,ACC1002,2023-03-07 16:00:00,2778.83,Debit
TXN1578,ACC1001,2023-03-07 17:00:00,2706.91,Debit
TXN1579,ACC1001,2023-03-07 18:00:00,2993.11,Credit
TXN1580,ACC1002,2023-03-07 19:00:00,400.52,Debit
TXN1581,ACC1002,2023-03-07 20:00:00,1874.66,Debit
TXN1582,ACC1002,2023-03-07 21:00:00,3643.33,Debit
TXN1583,ACC1003,2023-03-07 22:00:00,1082.75,Debit
TXN1584,ACC1003,2023-03-07 23:00:00,1097.53,Debit
TXN1585,ACC1002,2023-03-08 00:00:00,149.44,Debit
TXN1586,ACC1002,2023-03-08 01:00:00,2243.66,Debit
TXN1587,ACC1002,2023-03-08 02:00:00,4425.4,Debit
TXN1588,ACC1003,2023-03-08 03:00:00,354.31,Debit
TXN1589,ACC1003,2023-03-08 04:00:00,1036.48,Debit
TXN1590,ACC1001,2023-03-08 05:00:00,1619.41,Debit
TXN1591,ACC1001,2023-03-08 06:00:00,3685.45,Credit
TXN1592,ACC1002,2023-03-08 07:00:00,3239.11,Debit
TXN1593,ACC1003,2023-03-08 08:00:00,2138.13,Debit
TXN1594,ACC1003,2023-03-08 09:00:00,3819.44,Debit
TXN1595,ACC1003,2023-03-08 10:00:00,3087.19,Credit
TXN1596,ACC1002,2023-03-08 11:00:00,4490.6,Debit
TXN1597,ACC1001,2023-03-08 12:00:00,4108.33,Credit
TXN1598,ACC1002,2023-03-08 13:00:00,1338.79,Debit
TXN1599,ACC1001,2023-03-08 14:00:00,1430.05,Debit
TXN1600,ACC1001,2023-03-08 15:00:00,714.25,Credit
TXN1601,ACC1002,2023-03-08 16:00:00,1751.13,Debit
TXN1602,ACC1001,2023-03-08 17:00:00,4997.77,Credit
TXN1603,ACC1001,2023-03-08 18:00:00,2088.18,Credit
TXN1604,ACC1003,2023-03-08 19:00:00,1180.39,Debit
TXN1605,ACC1001,2023-03-08 20:00:00,3836.17,Debit
TXN1606,ACC1002,2023-03-08 21:00:00,2758.11,Debit
TXN1607,ACC1002,2023-03-08 22:00:00,833.05,Debit
TXN1608,ACC1001,2023-03-08 23:00:00,1965.38,Credit
TXN1609,ACC1003,2023-03-09 00:00:00,2130.9,Credit
TXN1610,ACC1003,2023-03-09 01:00:00,3793.77,Debit
TXN1611,ACC1001,2023-03-09 02:00:00,201.29,Credit
TXN1612,ACC1001,2023-03-09 03:00:00,1418.2,Credit
TXN1613,ACC1002,2023-03-09 04:00:00,2636.22,Debit
TXN1614,ACC1001,2023-03-09 05:00:00,1417.35,Credit
TXN1615,ACC1003,2023-03-09 06:00:00,3179.33,Credit
TXN1616,ACC1001,2023-03-09 07:00:00,2461.15,Debit
TXN1617,ACC1002,2023-03-09 08:00:00,1872.38,Credit
TXN1618,ACC1002,2023-03-09 09:00:00,4751.12,Debit
TXN1619,ACC1002,2023-03-09 10:00:00,3197.58,Credit
TXN1620,ACC1002,2023-03-09 11:00:00,736.71,Debit
TXN1621,ACC1002,2023-03-09 12:00:00,2844.45,Credit
TXN1622,ACC1001,2023-03-09 13:00:00,3925.59,Credit
TXN1623,ACC1001,2023-03-09 14:00:00,3571.6,Debit
TXN1624,ACC1001,2023-03-09 15:00:00,943.24,Debit
TXN1625,ACC1001,2023-03-09 16:00:00,4864.86,Debit
TXN1626,ACC1002,2023-03-09 17:00:00,2299.19,Debit
TXN1627,ACC1003,2023-03-09 18:00:00,879.22,Credit
TXN1628,ACC1001,2023-03-09 19:00:00,982.96,Credit
TXN1629,ACC1003,2023-03-09 20:00:00,581.35,Credit
TXN1630,ACC1001,2023-03-09 21:00:00,4037.24,Debit
TXN1631,ACC1001,2023-03-09 22:00:00,697.95,Credit
TXN1632,ACC1003,2023-03-09 23:00:00,713.11,Credit
TXN1633,ACC1002,2023-03-10 00:00:00,4267.31,Debit
TXN1634,ACC1001,2023-03-10 01:00:00,1788.56,Debit
TXN1635,ACC1001,2023-03-10 02:00:00,251.2,Credit
TXN1636,ACC1001,2023-03-10 03:00:00,354.29,Debit
TXN1637,ACC1003,2023-03-10 04:00:00,796.64,Credit
TXN1638,ACC1002,2023-03-10 05:00:00,1145.63,Credit
TXN1639,ACC1003,2023-03-10 06:00:00,3359.22,Debit
TXN1640,ACC1003,2023-03-10 07:00:00,870.9,Credit
TXN1641,ACC1002,2023-03-10 08:00:00,682.48,Debit
TXN1642,ACC1003,2023-03-10 09:00:00,3847.12,Debit
TXN1643,ACC1002,2023-03-10 10:00:00,3388.17,Credit
TXN1644,ACC1001,2023-03-10 11:00:00,2233.09,Credit
TXN1645,ACC1002,2023-03-10 12:00:00,2791.62,Credit
TXN1646,ACC1001,2023-03-10 13:00:00,1628.72,Debit
TXN1647,ACC1003,2023-03-10 14:00:00,2464.25,Credit
TXN1648,ACC1003,2023-03-10 15:00:00,2582.7,Debit
TXN1649,ACC1001,2023-03-10 16:00:00,1997.46,Debit
TXN1650,ACC1003,2023-03-10 17:00:00,4542.2,Credit
TXN1651,ACC1002,2023-03-10 18:00:00,178.7,Debit
TXN1652,ACC1001,2023-03-10 19:00:00,3932.64,Credit
TXN1653,ACC1003,2023-03-10 20:00:00,709.48,Credit
TXN1654,ACC1001,2023-03-10 21:00:00,4007.98,Credit
TXN1655,ACC1002,2023-03-10 22:00:00,3117.97,Credit
TXN1656,ACC1002,2023-03-10 23:00:00,4232.06,Credit
TXN1657,ACC1003,2023-03-11 00:00:00,577.82,Credit
TXN1658,ACC1002,2023-03-11 01:00:00,2839.01,Credit
TXN1659,ACC1001,2023-03-11 02:00:00,2555.33,Debit
TXN1660,ACC1002,2023-03-11 03:00:00,3560.35,Credit
TXN1661,ACC1001,2023-03-11 04:00:00,2718.02,Debit
TXN1662,ACC1001,2023-03-11 05:00:00,2749.6,Debit
TXN1663,ACC1002,2023-03-11 06:00:00,2205.02,Debit
TXN1664,ACC1003,2023-03-11 07:00:00,1613.29,Credit
TXN1665,ACC1002,2023-03-11 08:00:00,2463.1,Debit
TXN1666,ACC1001,2023-03-11 09:00:00,680.61,Debit
TXN1667,ACC1001,2023-03-11 10:00:00,4811.42,Credit
TXN1668,ACC1002,2023-03-11 11:00:00,3600.61,Credit
TXN1669,ACC1003,2023-03-11 12:00:00,4767.09,Debit
TXN1670,ACC1003,2023-03-11 13:00:00,1210.96,Credit
TXN1671,ACC1001,2023-03-11 14:00:00,4408.77,Credit
TXN1672,ACC1001,2023-03-11 15:00:00,4063.07,Credit
TXN1673,ACC1003,2023-03-11 16:00:00,3418.05,Credit
TXN1674,ACC1002,2023-03-11 17:00:00,3162.64,Debit
TXN1675,ACC1001,2023-03-11 18:00:00,1651.09,Credit
TXN1676,ACC1001,2023-03-11 19:00:00,4100.41,Credit
TXN1677,ACC1003,2023-03-11 20:00:00,2557.43,Credit
TXN1678,ACC1002,2023-03-11 21:00:00,447.37,Debit
TXN1679,ACC1003,2023-03-11 22:00:00,1633.03,Debit
TXN1680,ACC1002,2023-03-11 23:00:00,4682.96,Credit
TXN1681,ACC1002,2023-03-12 00:00:00,4268.33,Credit
TXN1682,ACC1002,2023-03-12 01:00:00,4911.34,Debit
TXN1683,ACC1001,2023-03-12 02:00:00,3177.17,Credit
TXN1684,ACC1003,2023-03-12 03:00:00,1312.8,Credit
TXN1685,ACC1003,2023-03-12 04:00:00,897.79,Debit
TXN1686,ACC1002,2023-03-12 05:00:00,1015.88,Credit
TXN1687,ACC1001,2023-03-12 06:00:00,197.0,Credit
TXN1688,ACC1001,2023-03-12 07:00:00,2014.34,Debit
TXN1689,ACC1003,2023-03-12 08:00:00,1038.0,Debit
TXN1690,ACC1001,2023-03-12 09:00:00,2117.11,Credit
TXN1691,ACC1001,2023-03-12 10:00:00,4681.47,Debit
TXN1692,ACC1002,2023-03-12 11:00:00,2209.65,Credit
TXN1693,ACC1001,2023-03-12 12:00:00,4402.12,Credit
TXN1694,ACC1002,2023-03-12 13:00:00,3066.97,Credit
TXN1695,ACC1003,2023-03-12 14:00:00,1310.94,Debit
TXN1696,ACC1001,2023-03-12 15:00:00,1843.69,Debit
TXN1697,ACC1003,2023-03-12 16:00:00,511.21,Credit
TXN1698,ACC1003,2023-03-12 17:00:00,1733.97,Credit
TXN1699,ACC1001,2023-03-12 18:00:00,3419.95,Debit
TXN1700,ACC1001,2023-03-12 19:00:00,453.34,Debit
TXN1701,ACC1003,2023-03-12 20:00:00,1106.47,Debit
TXN1702,ACC1001,2023-03-12 21:00:00,1969.06,Credit
TXN1703,ACC1002,2023-03-12 22:00:00,4912.04,Debit
TXN1704,ACC1002,2023-03-12 23:00:00,3945.82,Debit
TXN1705,ACC1001,2023-03-13 00:00:00,3694.09,Credit
TXN1706,ACC1003,2023-03-13 01:00:00,669.34,Credit
TXN1707,ACC1001,2023-03-13 02:00:00,3926.88,Credit
TXN1708,ACC1001,2023-03-13 03:00:00,3947.82,Debit
TXN1709,ACC1003,2023-03-13 04:00:00,3045.4,Credit
TXN1710,ACC1003,2023-03-13 05:00:00,4952.77,Credit
TXN1711,ACC1002,2023-03-13 06:00:00,1693.74,Credit
TXN1712,ACC1003,2023-03-13 07:00:00,4712.23,Credit
TXN1713,ACC1002,2023-03-13 08:00:00,4582.18,Debit
TXN1714,ACC1003,2023-03-13 09:00:00,156.26,Credit
TXN1715,ACC1001,2023-03-13 10:00:00,2305.57,Debit
TXN1716,ACC1002,2023-03-13 11:00:00,4887.81,Debit
TXN1717,ACC1002,2023-03-13 12:00:00,605.29,Debit
TXN1718,ACC1002,2023-03-13 13:00:00,2784.15,Credit
TXN1719,ACC1001,2023-03-13 14:00:00,4896.89,Debit
TXN1720,ACC1001,2023-03-13 15:00:00,2821.93,Credit
TXN1721,ACC1001,2023-03-13 16:00:00,1030.09,Credit
TXN1722,ACC1001,2023-03-13 17:00:00,2952.7,Credit
TXN1723,ACC1001,2023-03-13 18:00:00,1101.76,Debit
TXN1724,ACC1002,2023-03-13 19:00:00,2646.55,Credit
TXN1725,ACC1001,2023-03-13 20:00:00,462.81,Credit
TXN1726,ACC1002,2023-03-13 21:00:00,3066.87,Credit
TXN1727,ACC1001,2023-03-13 22:00:00,2632.27,Debit
TXN1728,ACC1003,2023-03-13 23:00:00,3726.79,Debit
TXN1729,ACC1002,2023-03-14 00:00:00,3190.43,Debit
TXN1730,ACC1003,2023-03-14 01:00:00,2793.07,Credit
TXN1731,ACC1002,2023-03-14 02:00:00,3479.92,Debit
TXN1732,ACC1003,2023-03-14 03:00:00,805.32,Credit
TXN1733,ACC1001,2023-03-14 04:00:00,3017.26,Credit
TXN1734,ACC1001,2023-03-14 05:00:00,943.34,Debit
TXN1735,ACC1001,2023-03-14 06:00:00,4635.06,Credit
TXN1736,ACC1002,2023-03-14 07:00:00,434.84,Debit
TXN1737,ACC1003,2023-03-14 08:00:00,2208.84,Credit
TXN1738,ACC1001,2023-03-14 09:00:00,3509.41,Debit
TXN1739,ACC1003,2023-03-14 10:00:00,2344.31,Credit
TXN1740,ACC1003,2023-03-14 11:00:00,551.27,Credit
TXN1741,ACC1001,2023-03-14 12:00:00,2811.56,Credit
TXN1742,ACC1001,2023-03-14 13:00:00,3244.0,Credit
TXN1743,ACC1003,2023-03-14 14:00:00,3548.58,Credit
TXN1744,ACC1001,2023-03-14 15:00:00,1928.97,Debit
TXN1745,ACC1001,2023-03-14 16:00:00,2861.93,Credit
TXN1746,ACC1001,2023-03-14 17:00:00,2308.36,Debit
TXN1747,ACC1002,2023-03-14 18:00:00,3393.07,Debit
TXN1748,ACC1003,2023-03-14 19:00:00,2959.43,Debit
TXN1749,ACC1003,2023-03-14 20:00:00,2676.21,Credit
TXN1750,ACC1002,2023-03-14 21:00:00,1322.67,Credit
TXN1751,ACC1003,2023-03-14 22:00:00,109.89,Credit
TXN1752,ACC1001,2023-03-14 23:00:00,953.0,Debit
TXN1753,ACC1003,2023-03-15 00:00:00,673.62,Credit
TXN1754,ACC1001,2023-03-15 01:00:00,2300.52,Credit
TXN1755,ACC1002,2023-03-15 02:00:00,3100.06,Debit
TXN1756,ACC1001,2023-03-15 03:00:00,1144.12,Debit
TXN1757,ACC1003,2023-03-15 04:00:00,4701.38,Debit
TXN1758,ACC1003,2023-03-15 05:00:00,132.74,Debit
TXN1759,ACC1003,2023-03-15 06:00:00,3884.27,Debit
TXN1760,ACC1002,2023-03-15 07:00:00,3163.5,Debit
TXN1761,ACC1002,2023-03-15 08:00:00,1930.42,Credit
TXN1762,ACC1003,2023-03-15 09:00:00,347.4,Debit
TXN1763,ACC1001,2023-03-15 10:00:00,3174.68,Credit
TXN1764,ACC1002,2023-03-15 11:00:00,1989.51,Credit
TXN1765,ACC1003,2023-03-15 12:00:00,4687.71,Credit
TXN1766,ACC1003,2023-03-15 13:00:00,2755.75,Debit
TXN1767,ACC1002,2023-03-15 14:00:00,4704.29,Credit
TXN1768,ACC1002,2023-03-15 15:00:00,1180.37,Debit
TXN1769,ACC1002,2023-03-15 16:00:00,3656.06,Debit
TXN1770,ACC1001,2023-03-15 17:00:00,3124.52,Credit
TXN1771,ACC1001,2023-03-15 18:00:00,3723.1,Debit
TXN1772,ACC1003,2023-03-15 19:00:00,1151.87,Credit
TXN1773,ACC1002,2023-03-15 20:00:00,3358.47,Credit
TXN1774,ACC1001,2023-03-15 21:00:00,2540.4,Debit
TXN1775,ACC1002,2023-03-15 22:00:00,3739.84,Credit
TXN1776,ACC1003,2023-03-15 23:00:00,1702.52,Credit
TXN1777,ACC1001,2023-03-16 00:00:00,4461.28,Credit
TXN1778,ACC1001,2023-03-16 01:00:00,513.08,Debit
TXN1779,ACC1001,2023-03-16 02:00:00,4055.23,Credit
TXN1780,ACC1003,2023-03-16 03:00:00,4320.47,Debit
TXN1781,ACC1002,2023-03-16 04:00:00,4104.54,Debit
TXN1782,ACC1001,2023-03-16 05:00:00,2612.36,Credit
TXN1783,ACC1003,2023-03-16 06:00:00,2248.09,Credit
TXN1784,ACC1002,2023-03-16 07:00:00,4981.69,Debit
TXN1785,ACC1003,2023-03-16 08:00:00,1222.94,Debit
TXN1786,ACC1002,2023-03-16 09:00:00,2779.69,Credit
TXN1787,ACC1003,2023-03-16 10:00:00,3386.31,Credit
TXN1788,ACC1002,2023-03-16 11:00:00,3534.25,Debit
TXN1789,ACC1001,2023-03-16 12:00:00,1099.72,Debit
TXN1790,ACC1002,2023-03-16 13:00:00,3304.57,Debit
TXN1791,ACC1003,2023-03-16 14:00:00,4110.01,Debit
TXN1792,ACC1003,2023-03-16 15:00:00,345.09,Debit
TXN1793,ACC1002,2023-03-16 16:00:00,4566.45,Credit
TXN1794,ACC1001,2023-03-16 17:00:00,244.57,Debit
TXN1795,ACC1001,2023-03-16 18:00:00,1844.26,Debit
TXN1796,ACC1002,2023-03-16 19:00:00,177.48,Credit
TXN1797,ACC1002,2023-03-16 20:00:00,478.01,Credit
TXN1798,ACC1003,2023-03-16 21:00:00,4564.72,Debit
TXN1799,ACC1001,2023-03-16 22:00:00,1838.82,Debit
TXN1800,ACC1002,2023-03-16 23:00:00,2181.38,Credit
TXN1801,ACC1001,2023-03-17 00:00:00,1155.19,Debit
TXN1802,ACC1002,2023-03-17 01:00:00,3025.77,Debit
TXN1803,ACC1002,2023-03-17 02:00:00,3014.54,Credit
TXN1804,ACC1001,2023-03-17 03:00:00,1923.78,Debit
TXN1805,ACC1002,2023-03-17 04:00:00,1731.87,Credit
TXN1806,ACC1002,2023-03-17 05:00:00,4436.33,Credit
TXN1807,ACC1003,2023-03-17 06:00:00,1978.09,Credit
TXN1808,ACC1002,2023-03-17 07:00:00,2518.15,Credit
TXN1809,ACC1002,2023-03-17 08:00:00,1488.19,Debit
TXN1810,ACC1002,2023-03-17 09:00:00,3955.17,Credit
TXN1811,ACC1003,2023-03-17 10:00:00,2047.5,Debit
TXN1812,ACC1001,2023-03-17 11:00:00,2616.69,Debit
TXN1813,ACC1003,2023-03-17 12:00:00,1341.45,Debit
TXN1814,ACC1003,2023-03-17 13:00:00,4939.53,Debit
TXN1815,ACC1001,2023-03-17 14:00:00,1528.33,Debit
TXN1816,ACC1003,2023-03-17 15:00:00,3876.64,Credit
TXN1817,ACC1001,2023-03-17 16:00:00,2194.73,Credit
TXN1818,ACC1003,2023-03-17 17:00:00,1110.47,Credit
TXN1819,ACC1001,2023-03-17 18:00:00,4018.62,Credit
TXN1820,ACC1002,2023-03-17 19:00:00,1734.67,Debit
TXN1821,ACC1003,2023-03-17 20:00:00,4339.45,Credit
TXN1822,ACC1003,2023-03-17 21:00:00,4584.76,Debit
TXN1823,ACC1003,2023-03-17 22:00:00,4313.14,Debit
TXN1824,ACC1003,2023-03-17 23:00:00,271.54,Credit
TXN1825,ACC1002,2023-03-18 00:00:00,3958.13,Credit
TXN1826,ACC1003,2023-03-18 01:00:00,2115.56,Credit
TXN1827,ACC1002,2023-03-18 02:00:00,4381.24,Credit
TXN1828,ACC1002,2023-03-18 03:00:00,3225.98,Debit
TXN1829,ACC1002,2023-03-18 04:00:00,4184.85,Debit
TXN1830,ACC1002,2023-03-18 05:00:00,2547.22,Credit
TXN1831,ACC1001,2023-03-18 06:00:00,2721.62,Debit
TXN1832,ACC1001,2023-03-18 07:00:00,807.5,Debit
TXN1833,ACC1003,2023-03-18 08:00:00,3941.54,Debit
TXN1834,ACC1001,2023-03-18 09:00:00,2155.01,Credit
TXN1835,ACC1001,2023-03-18 10:00:00,2550.39,Debit
TXN1836,ACC1003,2023-03-18 11:00:00,3946.98,Credit
TXN1837,ACC1003,2023-03-18 12:00:00,3034.34,Credit
TXN1838,ACC1003,2023-03-18 13:00:00,1085.38,Debit
TXN1839,ACC1001,2023-03-18 14:00:00,2992.14,Debit
TXN1840,ACC1001,2023-03-18 15:00:00,2097.4,Credit
TXN1841,ACC1003,2023-03-18 16:00:00,2400.68,Debit
TXN1842,ACC1002,2023-03-18 17:00:00,238.73,Debit
TXN1843,ACC1003,2023-03-18 18:00:00,1129.14,Credit
TXN1844,ACC1002,2023-03-18 19:00:00,1477.09,Credit
TXN1845,ACC1002,2023-03-18 20:00:00,3593.5,Credit
TXN1846,ACC1003,2023-03-18 21:00:00,156.31,Credit
TXN1847,ACC1003,2023-03-18 22:00:00,2103.01,Debit
TXN1848,ACC1003,2023-03-18 23:00:00,4627.73,Debit
TXN1849,ACC1001,2023-03-19 00:00:00,648.22,Credit
TXN1850,ACC1002,2023-03-19 01:00:00,2630.48,Credit
TXN1851,ACC1001,2023-03-19 02:00:00,3953.96,Credit
TXN1852,ACC1001,2023-03-19 03:00:00,4718.4,Debit
TXN1853,ACC1003,2023-03-19 04:00:00,3759.21,Credit
TXN1854,ACC1001,2023-03-19 05:00:00,3630.77,Debit
TXN1855,ACC1003,2023-03-19 06:00:00,4149.79,Credit
TXN1856,ACC1002,2023-03-19 07:00:00,2286.39,Credit
TXN1857,ACC1003,2023-03-19 08:00:00,4048.64,Credit
TXN1858,ACC1001,2023-03-19 09:00:00,139.03,Debit
TXN1859,ACC1001,2023-03-19 10:00:00,4630.35,Debit
TXN1860,ACC1003,2023-03-19 11:00:00,2272.2,Debit
TXN1861,ACC1003,2023-03-19 12:00:00,2811.56,Credit
TXN1862,ACC1001,2023-03-19 13:00:00,1348.92,Debit
TXN1863,ACC1002,2023-03-19 14:00:00,3738.4,Debit
TXN1864,ACC1002,2023-03-19 15:00:00,475.52,Credit
TXN1865,ACC1003,2023-03-19 16:00:00,4375.92,Credit
TXN1866,ACC1002,2023-03-19 17:00:00,4157.77,Debit
TXN1867,ACC1001,2023-03-19 18:00:00,1158.69,Debit
TXN1868,ACC1003,2023-03-19 19:00:00,4065.69,Debit
TXN1869,ACC1001,2023-03-19 20:00:00,3953.15,Debit
TXN1870,ACC1001,2023-03-19 21:00:00,3197.86,Credit
TXN1871,ACC1002,2023-03-19 22:00:00,1930.25,Credit
TXN1872,ACC1003,2023-03-19 23:00:00,1430.34,Credit
TXN1873,ACC1003,2023-03-20 00:00:00,1235.74,Debit
TXN1874,ACC1002,2023-03-20 01:00:00,1661.18,Debit
TXN1875,ACC1001,2023-03-20 02:00:00,4527.44,Credit
TXN1876,ACC1001,2023-03-20 03:00:00,480.44,Credit
TXN1877,ACC1001,2023-03-20 04:00:00,4161.47,Debit
TXN1878,ACC1001,2023-03-20 05:00:00,1809.56,Debit
TXN1879,ACC1003,2023-03-20 06:00:00,2655.84,Credit
TXN1880,ACC1003,2023-03-20 07:00:00,3992.98,Credit
TXN1881,ACC1002,2023-03-20 08:00:00,4433.45,Credit
TXN1882,ACC1002,2023-03-20 09:00:00,1789.43,Debit
TXN1883,ACC1003,2023-03-20 10:00:00,2363.03,Debit
TXN1884,ACC1003,2023-03-20 11:00:00,2131.13,Debit
TXN1885,ACC1001,2023-03-20 12:00:00,164.93,Debit
TXN1886,ACC1001,2023-03-20 13:00:00,1550.12,Debit
TXN1887,ACC1002,2023-03-20 14:00:00,2350.03,Debit
TXN1888,ACC1003,2023-03-20 15:00:00,2114.36,Credit
TXN1889,ACC1002,2023-03-20 16:00:00,3637.45,Credit
TXN1890,ACC1003,2023-03-20 17:00:00,1985.54,Debit
TXN1891,ACC1001,2023-03-20 18:00:00,2497.94,Credit
TXN1892,ACC1002,2023-03-20 19:00:00,2205.08,Debit
TXN1893,ACC1002,2023-03-20 20:00:00,3729.07,Credit
TXN1894,ACC1003,2023-03-20 21:00:00,4328.56,Debit
TXN1895,ACC1001,2023-03-20 22:00:00,2706.26,Credit
TXN1896,ACC1002,2023-03-20 23:00:00,3968.22,Credit
TXN1897,ACC1001,2023-03-21 00:00:00,1554.25,Debit
TXN1898,ACC1002,2023-03-21 01:00:00,2752.71,Debit
TXN1899,ACC1001,2023-03-21 02:00:00,1791.63,Credit
TXN1900,ACC1003,2023-03-21 03:00:00,2129.58,Credit
TXN1901,ACC1002,2023-03-21 04:00:00,3688.83,Debit
TXN1902,ACC1002,2023-03-21 05:00:00,4420.15,Credit
TXN1903,ACC1001,2023-03-21 06:00:00,695.33,Debit
TXN1904,ACC1001,2023-03-21 07:00:00,3209.73,Debit
TXN1905,ACC1002,2023-03-21 08:00:00,2952.5,Credit
TXN1906,ACC1003,2023-03-21 09:00:00,680.23,Debit
TXN1907,ACC1001,2023-03-21 10:00:00,1138.28,Credit
TXN1908,ACC1001,2023-03-21 11:00:00,1623.91,Credit
TXN1909,ACC1001,2023-03-21 12:00:00,917.96,Debit
TXN1910,ACC1002,2023-03-21 13:00:00,1294.27,Credit
TXN1911,ACC1002,2023-03-21 14:00:00,1411.24,Debit
TXN1912,ACC1002,2023-03-21 15:00:00,1744.8,Debit
TXN1913,ACC1002,2023-03-21 16:00:00,3772.01,Debit
TXN1914,ACC1003,2023-03-21 17:00:00,2902.37,Credit
TXN1915,ACC1003,2023-03-21 18:00:00,4932.61,Debit
TXN1916,ACC1002,2023-03-21 19:00:00,2132.21,Credit
TXN1917,ACC1003,2023-03-21 20:00:00,3793.94,Debit
TXN1918,ACC1001,2023-03-21 21:00:00,4370.2,Debit
TXN1919,ACC1001,2023-03-21 22:00:00,3426.99,Debit
TXN1920,ACC1001,2023-03-21 23:00:00,2118.14,Credit
TXN1921,ACC1002,2023-03-22 00:00:00,3792.61,Credit
TXN1922,ACC1001,2023-03-22 01:00:00,1097.97,Debit
TXN1923,ACC1003,2023-03-22 02:00:00,1705.01,Debit
TXN1924,ACC1002,2023-03-22 03:00:00,2778.76,Credit
TXN1925,ACC1003,2023-03-22 04:00:00,2919.51,Credit
TXN1926,ACC1001,2023-03-22 05:00:00,208.49,Credit
TXN1927,ACC1001,2023-03-22 06:00:00,4731.06,Debit
TXN1928,ACC1001,2023-03-22 07:00:00,3513.47,Credit
TXN1929,ACC1002,2023-03-22 08:00:00,2528.95,Debit
TXN1930,ACC1003,2023-03-22 09:00:00,4672.32,Credit
TXN1931,ACC1002,2023-03-22 10:00:00,2251.57,Debit
TXN1932,ACC1002,2023-03-22 11:00:00,4904.13,Debit
TXN1933,ACC1001,2023-03-22 12:00:00,2610.2,Debit
TXN1934,ACC1002,2023-03-22 13:00:00,660.0,Credit
TXN1935,ACC1002,2023-03-22 14:00:00,3847.52,Credit
TXN1936,ACC1001,2023-03-22 15:00:00,3426.6,Credit
TXN1937,ACC1002,2023-03-22 16:00:00,3887.63,Debit
TXN1938,ACC1001,2023-03-22 17:00:00,4762.07,Debit
TXN1939,ACC1001,2023-03-22 18:00:00,3904.8,Credit
TXN1940,ACC1001,2023-03-22 19:00:00,3095.55,Debit
TXN1941,ACC1001,2023-03-22 20:00:00,4300.81,Debit
TXN1942,ACC1002,2023-03-22 21:00:00,3398.91,Debit
TXN1943,ACC1001,2023-03-22 22:00:00,2099.78,Credit
TXN1944,ACC1001,2023-03-22 23:00:00,4439.54,Debit
TXN1945,ACC1002,2023-03-23 00:00:00,1187.31,Credit
TXN1946,ACC1002,2023-03-23 01:00:00,3601.74,Credit
TXN1947,ACC1003,2023-03-23 02:00:00,4419.66,Credit
TXN1948,ACC1002,2023-03-23 03:00:00,3683.45,Credit
TXN1949,ACC1002,2023-03-23 04:00:00,3516.65,Credit
TXN1950,ACC1003,2023-03-23 05:00:00,3787.93,Debit
TXN1951,ACC1002,2023-03-23 06:00:00,2378.77,Credit
TXN1952,ACC1002,2023-03-23 07:00:00,4383.44,Credit
TXN1953,ACC1002,2023-03-23 08:00:00,1096.84,Credit
TXN1954,ACC1002,2023-03-23 09:00:00,724.19,Debit
TXN1955,ACC1003,2023-03-23 10:00:00,1498.99,Debit
TXN1956,ACC1002,2023-03-23 11:00:00,2704.73,Debit
TXN1957,ACC1002,2023-03-23 12:00:00,2601.75,Debit
TXN1958,ACC1003,2023-03-23 13:00:00,4120.93,Credit
TXN1959,ACC1001,2023-03-23 14:00:00,2082.39,Credit
TXN1960,ACC1003,2023-03-23 15:00:00,2473.29,Debit
TXN1961,ACC1001,2023-03-23 16:00:00,165.5,Debit
TXN1962,ACC1003,2023-03-23 17:00:00,2107.72,Debit
TXN1963,ACC1003,2023-03-23 18:00:00,3274.09,Debit
TXN1964,ACC1002,2023-03-23 19:00:00,175.99,Credit
TXN1965,ACC1001,2023-03-23 20:00:00,1476.32,Debit
TXN1966,ACC1002,2023-03-23 21:00:00,1118.99,Debit
TXN1967,ACC1001,2023-03-23 22:00:00,305.73,Debit
TXN1968,ACC1003,2023-03-23 23:00:00,2448.37,Debit
TXN1969,ACC1003,2023-03-24 00:00:00,990.44,Debit
TXN1970,ACC1001,2023-03-24 01:00:00,3741.1,Debit
TXN1971,ACC1002,2023-03-24 02:00:00,4254.85,Debit
TXN1972,ACC1002,2023-03-24 03:00:00,2773.37,Credit
TXN1973,ACC1002,2023-03-24 04:00:00,4910.37,Credit
TXN1974,ACC1002,2023-03-24 05:00:00,2307.35,Credit
TXN1975,ACC1003,2023-03-24 06:00:00,2615.5,Credit
TXN1976,ACC1003,2023-03-24 07:00:00,4947.17,Credit
TXN1977,ACC1003,2023-03-24 08:00:00,1234.59,Credit
TXN1978,ACC1003,2023-03-24 09:00:00,4718.48,Debit
TXN1979,ACC1003,2023-03-24 10:00:00,309.9,Debit
TXN1980,ACC1002,2023-03-24 11:00:00,2287.3,Credit
TXN1981,ACC1002,2023-03-24 12:00:00,443.02,Debit
TXN1982,ACC1002,2023-03-24 13:00:00,3673.25,Credit
TXN1983,ACC1002,2023-03-24 14:00:00,3081.2,Debit
TXN1984,ACC1003,2023-03-24 15:00:00,3562.51,Debit
TXN1985,ACC1003,2023-03-24 16:00:00,1934.95,Debit
TXN1986,ACC1003,2023-03-24 17:00:00,1910.46,Debit
TXN1987,ACC1001,2023-03-24 18:00:00,322.06,Debit
TXN1988,ACC1002,2023-03-24 19:00:00,1814.73,Debit
TXN1989,ACC1002,2023-03-24 20:00:00,4653.51,Credit
TXN1990,ACC1003,2023-03-24 21:00:00,1958.21,Credit
TXN1991,ACC1002,2023-03-24 22:00:00,4173.7,Debit
TXN1992,ACC1002,2023-03-24 23:00:00,4227.39,Credit
TXN1993,ACC1003,2023-03-25 00:00:00,1928.88,Debit
TXN1994,ACC1001,2023-03-25 01:00:00,3196.74,Credit
TXN1995,ACC1001,2023-03-25 02:00:00,567.32,Debit
TXN1996,ACC1001,2023-03-25 03:00:00,608.03,Credit
TXN1997,ACC1003,2023-03-25 04:00:00,338.42,Debit
TXN1998,ACC1002,2023-03-25 05:00:00,2946.97,Credit
TXN1999,ACC1003,2023-03-25 06:00:00,2187.75,Debit
TXN2000,ACC1003,2023-03-25 07:00:00,2785.36,Credit
