,Date,NSE_Close,NSE_Return,HUL_Close,HUL_Return,HDFC_Close,HDFC_Return,HINDALCO_Close,HINDALCO_Return,UPL Ltd_Close,UPL Ltd_Return,SBI_Close,SBI_Return,INFOSYS_Close,INFOSYS_Return,WIPRO_Close,WIPRO_Return,TECH MAHINDRA_Close,TECH MAHINDRA_Return,ICICI_Close,ICICI_Return,Reliance_Close,Reliance_Return
0,2020-01-01,12182.5,,1889.245728,,1278.599976,,211.742905,,588.25,,331.390442,,711.549744,,246.15062,,712.732544,,535.182983,,1485.053467,
1,2020-01-02,12282.2,0.008183870305766528,1890.709106,0.0007745831991633438,1286.75,0.006374150640626239,217.523087,0.027298114191830872,595.450012,0.012239724316664563,336.196045,0.014501332539940966,709.473633,-0.002917731356811622,246.746872,0.0024223054973413947,716.426697,0.005183084497962855,539.021667,0.007172657057371242,1510.335693,0.01702445505283618
2,2020-01-03,12226.65,-0.004522805360603238,1880.36792,-0.005469474900810102,1268.400024,-0.014260695694655157,213.867249,-0.016806666595348643,590.75,-0.007893134827765913,330.647308,-0.016504468397300798,720.38562,0.015380398216997682,249.529358,0.011276681959315804,724.890442,0.011813832504346243,537.276794,-0.003237111060324008,1512.155518,0.0012049142508082388
3,2020-01-06,11993.05,-0.01910580576036775,1868.661011,-0.00622586084110603,1240.949951,-0.02164149925918309,206.802551,-0.033033098957568736,584.950012,-0.009818059013697467,316.081757,-0.04405162433682971,713.48114,-0.009584422298712786,250.572784,0.004181576101358025,720.495056,-0.006063517664645977,524.165222,-0.024403756399722754,1477.085083,-0.023192346675019765
4,2020-01-07,12052.95,0.004994559348956392,1873.782837,0.0027409069755563362,1260.599976,0.015834632291614664,206.357941,-0.002149925123505769,595.049988,0.017266424400724744,315.487244,-0.001880883622144654,702.907104,-0.014820344094869807,253.603714,0.012096006404270878,726.760864,0.008696531569260335,521.373413,-0.00532620037122559,1499.80957,0.015384683835440206
5,2020-01-08,12025.35,-0.0022898958346297266,1882.221558,0.004503574711736986,1257.300049,-0.002617791434503809,204.925232,-0.006942834344329966,600.849976,0.009747006305004781,316.874451,0.004397030391504661,693.540161,-0.013326004171384775,253.206207,-0.0015674336693664915,719.933838,-0.009393772199599252,524.41449,0.00583281948057442,1488.545776,-0.007510149438505025
6,2020-01-09,12215.9,0.015845692640962573,1887.782471,0.002954441243308737,1271.400024,0.011214562426161768,208.23526,0.01615236917238194,604.549988,0.0061578747385861625,327.179321,0.03252035614572155,702.569092,0.013018613063418462,252.063385,-0.0045134043653202996,723.534485,0.005001358194251151,544.705078,0.03869189045481935,1522.828979,0.023031339413776927
7,2020-01-10,12256.8,0.003348095514861749,1906.269531,0.009793003316852988,1282.699951,0.00888777319362607,208.976318,0.0035587536904171805,600.299988,-0.0070299477473015504,329.210571,0.006208369140786865,712.805176,0.01456950514412895,250.175293,-0.0074905444914183,725.966003,0.003360611070251866,538.672729,-0.011074523156914564,1522.484741,-0.00022605164778644838
8,2020-01-13,12329.55,0.00593548071274721,1946.121704,0.0209058437707359,1286.0,0.002572688773410358,208.679886,-0.0014184956593980263,591.950012,-0.013909654686608996,327.724274,-0.004514730482333254,746.989685,0.04795771713083078,253.206207,0.01211516118819933,734.944153,0.012367176924123853,537.027527,-0.0030541772609395273,1518.599121,-0.0025521569414533904
9,2020-01-14,12362.3,0.0026562202189049887,1959.730835,0.0069929496043481575,1289.5,0.0027216704071378354,209.420929,0.003551099313903164,583.549988,-0.014190473645437584,324.999451,-0.008314376493210138,749.017639,0.0027148353460865024,255.591217,0.009419239868791977,744.67041,0.013234008271646074,536.030457,-0.001856645981575555,1504.531494,-0.009263555342200084
10,2020-01-15,12343.3,-0.0015369308300235394,1972.266968,0.006396864700044297,1284.25,-0.004071377414567202,211.100647,0.00802077427514424,585.799988,0.00385582032114313,321.283752,-0.01143293931287296,741.195679,-0.010442958339997104,246.697174,-0.03479792108818829,743.641663,-0.0013814796266712855,534.036316,-0.0037202009213441016,1499.071777,-0.003628848596239458
11,2020-01-16,12355.5,0.0009883904628422487,1999.192749,0.013652198934966974,1287.650024,0.0026474813793988094,207.148376,-0.018722211685120966,588.099976,0.003926187865396843,320.342407,-0.002929948975446516,740.664612,-0.0007165003993500174,248.883423,0.008862075574485519,732.138489,-0.015468705658036732,535.581787,0.0028939436395930547,1512.893311,0.009220061515439982
12,2020-01-17,12352.35,-0.00025494718951071474,2009.9729,0.005392251950389568,1278.150024,-0.007377816142442464,207.543625,0.0019080477850329776,589.25,0.001955470601022155,315.090912,-0.016393380599153635,741.485413,0.0011081952434362564,249.529358,0.002595331550064741,728.02356,-0.005620424362090974,530.496643,-0.009494617112512108,1555.29248,0.028025220742085778
13,2020-01-20,12224.55,-0.01034620942573689,2012.460815,0.001237785345265068,1254.900024,-0.01819033206674822,204.826431,-0.013092158335386008,584.599976,-0.007891400194390158,311.127502,-0.012578623657669982,742.064758,0.0007813302727777186,246.448746,-0.012345689600179238,727.789673,-0.00032126295473182425,533.288513,0.005262747722986095,1507.433594,-0.03077163081248871
14,2020-01-21,12169.85,-0.004474602337100254,2005.192505,-0.003611652930494415,1244.349976,-0.00840702895214888,202.702072,-0.010371508157558175,577.700012,-0.011802848873568451,310.830261,-0.0009553671664807872,736.319092,-0.0077428094220316395,245.554367,-0.0036290669541486995,728.444397,0.0008996060596754132,529.499573,-0.007104859579077249,1508.958374,0.0010115072438805978
15,2020-01-22,12106.9,-0.0051726192188071935,2001.582886,-0.0018001358926883013,1240.849976,-0.0028127681021936912,201.170578,-0.007555393908356205,562.950012,-0.0255322861696799,313.257843,0.0078099924768907,743.7547,0.010098350132146244,244.312195,-0.005058643489732808,728.304016,-0.00019271340486394587,521.323547,-0.015441043613457441,1508.417358,-0.0003585360665489948
16,2020-01-23,12180.35,0.006066788360356551,2006.655762,0.0025344321414227855,1244.849976,0.0032236174353408305,202.158661,0.004911667550112566,542.200012,-0.03685948147046961,320.243347,0.022299534253002084,757.418884,0.018371896002808575,247.144363,0.011592413551030458,719.138916,-0.012584167873104317,526.159424,0.00927615302978053,1502.022949,-0.004239151032097839
17,2020-01-24,12248.25,0.005574552455389183,2023.04541,0.008167643055859548,1244.550049,-0.00024089350481578856,202.949081,0.003909899264716695,543.299988,0.0020287515356139365,321.085571,0.002629950029843984,755.87384,-0.0020398804844164345,247.044601,-0.0004036588121574853,736.300171,0.023863616080540388,532.291382,0.01165418259238488,1496.809204,-0.003471148695478432
18,2020-01-27,12119.0,-0.010552527912150715,2010.997437,-0.0059553645906544215,1213.199951,-0.025189975984978283,195.884415,-0.03481004183507496,537.25,-0.011135660991443955,313.307404,-0.024224592141513564,751.383484,-0.005940615698513948,244.799652,-0.009087221460872935,740.228088,0.005334668053472419,535.681519,0.006368949629171305,1482.053223,-0.00985829119741304
19,2020-01-28,12055.8,-0.005214951728690546,2010.265747,-0.0003638443224928245,1223.199951,0.008242666743970896,193.661255,-0.011349345990593375,536.950012,-0.0005582994269550395,312.217438,-0.003478902783925285,751.286926,-0.00012850695025385875,243.502563,-0.005298573708756742,742.799988,0.00347446961510062,526.657959,-0.016845008983780108,1447.81897,-0.02309920620171942
20,2020-01-29,12129.5,0.006113240100200794,2023.533325,0.006599912484108095,1235.849976,0.010341804808639606,195.390381,0.008928610939756531,542.150024,0.009684331423164686,313.555115,0.004284440384140187,762.585205,0.015038567302314508,246.196503,0.01106329217569672,752.058655,0.0124645492051355,525.062561,-0.003029286793708259,1455.787354,0.0055037157027995115
21,2020-01-30,12035.8,-0.007724968053093757,2007.826538,-0.007762059960144257,1226.050049,-0.007929701236649897,191.141678,-0.021744688649744624,544.150024,0.00368904262712215,307.857697,-0.018170387684474633,753.894226,-0.011396731726522245,240.160065,-0.024518780431255775,740.08783,-0.01591740872924332,530.64624,0.010634311822510756,1420.274292,-0.024394402041220085
22,2020-01-31,11962.1,-0.006123398527725529,1984.559204,-0.011588318791311902,1226.300049,0.00020388909689401867,187.090607,-0.02119407469050265,526.549988,-0.03234417106012914,315.536804,0.024943690136160684,749.307312,-0.006084293846282859,236.268829,-0.016202677160334678,744.997742,0.0066342288049784075,524.115417,-0.01230730099962652,1388.696167,-0.022233821437077732
23,2020-02-03,11707.9,-0.021250449335819023,2125.724609,0.07113186883791246,1192.800049,-0.027318009409418736,179.630707,-0.039873193633927356,513.299988,-0.02516378732271659,295.372955,-0.06390331886609343,741.050903,-0.011018722048718078,236.867462,0.002533694362196116,741.77124,-0.00433088829415537,514.044861,-0.01921438613205307,1362.971436,-0.018524376758073113
24,2020-02-04,11979.65,0.023210823461081834,2102.945068,-0.010716129880396883,1229.800049,0.031019468967624187,186.991806,0.04097906823915132,522.599976,0.018118087849733025,303.448395,0.02733980841272355,760.798706,0.026648375867372894,239.711075,0.012005080714716338,758.558472,0.022631279152855826,529.250305,0.02957999418653863,1403.206299,0.029519960534227882
25,2020-02-05,12089.15,0.009140500765882142,2107.530029,0.0021802571402212306,1244.650024,0.01207513808125715,193.957687,0.03725233286425393,537.450012,0.02841564416775021,308.154938,0.015510192433214255,757.612061,-0.004188552076743409,241.706589,0.0083246633473235,761.317322,0.003636964191733315,537.526062,0.01563675433309386,1424.946899,0.015493516538155226
26,2020-02-06,12137.95,0.00403667751661623,2103.725342,-0.0018052824622409357,1239.800049,-0.0038966796453374724,191.68512,-0.011716818421329087,536.849976,-0.0011164139256667897,319.004791,0.03520908368503897,744.865173,-0.016825085893134972,243.103455,0.005779180475713008,764.730957,0.0044838530549026435,540.018799,0.004637425375664706,1434.095825,0.006420538201402882
27,2020-02-07,12098.35,-0.003262494902351745,2107.188721,0.001646307591040943,1242.199951,0.001935789150742348,195.044556,0.01752580481990458,543.099976,0.011641928184612682,317.617584,-0.004348545975285962,750.610901,0.007713782585455885,243.402771,0.0012312289021149641,771.04364,0.008254776326519227,534.88385,-0.009508833784136268,1410.338501,-0.016566064544536383
28,2020-02-10,12031.5,-0.005525546872094158,2106.554688,-0.0003008904677977429,1240.300049,-0.0015294730198963896,188.572723,-0.033181305506419796,574.099976,0.057079701263268785,315.586334,-0.006395269350074774,746.651672,-0.005274675593873436,240.359619,-0.01250253638238158,760.943298,-0.013099572418494958,532.391174,-0.004660219223295065,1412.256836,0.0013601947324276232
29,2020-02-11,12107.9,0.006349997922121068,2100.066895,-0.0030798122816169857,1240.599976,0.00024177719159358297,191.339294,0.014671109140212177,576.650024,0.004441861876994244,321.382843,0.01836742715227953,746.989685,0.000452705073430876,240.708832,0.00145287715737306,766.835144,0.007742818703424584,538.174194,0.010862351373240606,1429.12793,0.011946193900384905
30,2020-02-12,12201.2,0.007705712799081682,2205.13623,0.05003142292760162,1249.0,0.0067708920290989625,191.339294,0.0,573.900024,-0.004768878242806358,317.270813,-0.01279480249043663,754.232178,0.009695572971666894,243.901657,0.013264261944489012,768.284851,0.0018905067293055486,547.696289,0.017693332579227908,1446.392578,0.012080547610597639
31,2020-02-13,12174.65,-0.0021760154738879036,2227.622803,0.010197362273622494,1241.400024,-0.0060847798229133054,192.920212,0.008262380230168493,578.75,0.008450789798438038,324.454468,0.022642029161377808,765.047668,0.014339735582058484,243.203232,-0.002863551681405699,774.363708,0.007912243736275325,539.420532,-0.01511012063841097,1450.179932,0.002618482739476592
32,2020-02-14,12113.45,-0.005026838553880309,2199.96582,-0.012415469514297438,1219.349976,-0.017762283587761232,191.68512,-0.006402087097022164,591.650024,0.022289511503256185,316.478088,-0.02458397336664202,759.446777,-0.007320969966017917,242.355133,-0.0034872028345413557,780.115356,0.007427579496016419,544.206543,0.008872504319134873,1463.411255,0.009123918148386
33,2020-02-17,12045.8,-0.005584701303097091,2197.575684,-0.0010864423339086169,1217.150024,-0.0018041663889529283,187.979874,-0.019329857215834054,595.0,0.00566211676868001,311.325684,-0.016280444666993785,762.343811,0.0038146636311289033,243.253113,0.003705223771761493,779.273621,-0.001078987861892532,540.018799,-0.007695137175151652,1454.213257,-0.006285313146645077
34,2020-02-18,11992.5,-0.004424778761061887,2179.820068,-0.008079637998033072,1213.25,-0.003204193643883021,182.150284,-0.031011777356548267,585.200012,-0.0164705656537124,314.64502,0.010661940760403063,770.262207,0.010386909273406603,243.502563,0.0010254750573325487,784.464111,0.00666067714872637,539.619995,-0.0007385002165451047,1443.539551,-0.007339849192421464
35,2020-02-19,12125.9,0.011123618928496948,2236.159668,0.02584598647708192,1227.199951,0.011497947153233696,185.85553,0.020341697628096962,585.200012,0.0,317.419434,0.008817600227710694,772.966064,0.0035103072374937003,247.044601,0.014546204181021252,786.428162,0.0025036849646268146,543.209473,0.006651862483338827,1479.347778,0.02480585098980775
36,2020-02-20,12080.85,-0.0037151881509825476,2193.331787,-0.019152425299891293,1217.099976,-0.00823005267421577,187.683441,0.009835117631420493,584.349976,-0.0014525006372125859,324.652618,0.022787464235727903,769.634521,-0.004310076671102097,245.148849,-0.007673723660935166,775.860046,-0.01343811998431464,545.403015,0.004038114408951,1461.788086,-0.01186988770398521
37,2020-02-24,11829.4,-0.020813932794464026,2161.040283,-0.01472258059240914,1209.949951,-0.00587468170276793,176.913513,-0.05738347476269893,573.25,-0.018995469374991584,319.995636,-0.014344507765528099,768.523926,-0.0014430160936089163,243.652222,-0.00610497257525373,766.975464,-0.011451268880006258,528.303101,-0.03135280431113864,1421.454834,-0.027591723031733704
38,2020-02-25,11797.9,-0.002662856949633963,2179.039551,0.008328983102070213,1200.300049,-0.007975422230320668,172.368393,-0.025691197483597522,566.349976,-0.01203664863369257,323.810394,0.011921281326474038,770.98645,0.0032042255506825046,243.552444,-0.00040950991204170666,768.845886,0.0024386986126585693,529.399902,0.002076082835637241,1393.369019,-0.019758499762504527
39,2020-02-26,11678.5,-0.010120445163969828,2181.575928,0.0011639885099085827,1199.25,-0.0008748287901381904,167.872696,-0.026081910504323184,563.0,-0.005915053270343762,325.197632,0.004284105840036824,755.87384,-0.019601654477844607,239.361862,-0.017206076568872394,758.885864,-0.012954510365943457,522.171082,-0.013654743744172514,1369.365723,-0.017226804724872452
40,2020-02-27,11633.3,-0.0038703600633643643,2199.86792,0.008384760651796087,1199.449951,0.00016673645095674778,166.341202,-0.00912294873729782,550.849976,-0.021580875688117198,319.004791,-0.01904331517395547,751.142029,-0.006260053926459465,231.08049,-0.034597708802917,756.734802,-0.002834500024367333,513.845398,-0.01594436054963287,1363.709229,-0.004130740170425486
41,2020-02-28,11201.75,-0.03709609483121722,2121.626953,-0.035566211175078265,1177.650024,-0.01817499623087078,154.039749,-0.07395313279027531,519.700012,-0.05654883823956473,300.228149,-0.05886006270043774,706.57666,-0.05933014966467817,220.953247,-0.04382560812468415,696.179199,-0.08002222554051361,495.798279,-0.03512169043498968,1307.045776,-0.04155097860674529
42,2020-03-02,11132.75,-0.006159751824491709,2106.700928,-0.007035178818262192,1179.599976,0.0016557822562546884,147.963135,-0.03944835043843136,514.349976,-0.010294531530167773,284.770844,-0.051485195680302326,715.605591,0.01277841671135876,220.304718,-0.0029351412971088692,705.800903,0.013820728935625536,504.622437,0.017797879447661438,1294.749023,-0.009408050755216895
43,2020-03-03,11303.3,0.015319664952504931,2113.724854,0.0033340878653658835,1181.800049,0.0018651698888459483,157.399185,0.06377297966821259,521.549988,0.01399828331172455,287.198425,0.008524682393398304,721.351257,0.008029096016383734,223.198196,0.013133981088866138,713.147583,0.010408997734025436,513.247192,0.01709150122470684,1321.014893,0.02028645670582595
44,2020-03-04,11251.0,-0.004626967345819299,2122.700195,0.004246220118486549,1148.849976,-0.027881279989536965,158.68367,0.008160683932385152,511.600006,-0.01907773087188362,282.690033,-0.015697829819226752,732.697876,0.015729672458309613,228.336655,0.02302195578677532,731.158752,0.02525587890830725,506.865875,-0.012433223404756638,1317.916016,-0.002345830479596364
45,2020-03-05,11269.0,0.0015998577904186295,2163.820801,0.019371838800815652,1151.349976,0.0021761166239853674,153.644531,-0.03175587632930348,516.049988,0.008698163530977129,285.860779,0.01121633460632109,728.690369,-0.005469521792362776,229.184738,0.003714178084985972,716.749756,-0.01970706903334722,503.0271,-0.007573551878985734,1289.8302,-0.02131077827344637
46,2020-03-06,10989.45,-0.024806992634661396,2135.431396,-0.013120035165056118,1134.900024,-0.014287610202569025,148.30896,-0.034726722554153176,513.599976,-0.004747595587638214,268.025452,-0.06239165464528454,713.577698,-0.020739496009449764,223.048538,-0.02677403414183715,701.866882,-0.020764393535419656,484.930115,-0.03597616311327962,1250.33313,-0.030621914419432975
47,2020-03-09,10451.45,-0.048956044206033965,2069.677979,-0.030791631668976315,1107.300049,-0.024319231319018822,141.738297,-0.04430388426970309,513.0,-0.0011681969517552309,251.131424,-0.06303143180596134,680.262268,-0.04668788009123024,213.919067,-0.040930422955742465,668.119629,-0.048082127630578245,456.413605,-0.0588054012690055,1096.033569,-0.12340676040472513
48,2020-03-11,10458.4,0.000664979500451986,2102.359619,0.015790688373555812,1113.800049,0.005870075065282834,136.155716,-0.03938653926397872,516.950012,0.00769982081466845,242.857819,-0.0329453194993232,662.445801,-0.026190585364055486,212.621994,-0.006063381905082877,671.6745,0.005320710312493954,464.290527,0.017258297986099645,1134.792847,0.03536322161680068
49,2020-03-12,9590.15,-0.08301939111145108,2005.729004,-0.04596293332820136,1021.299988,-0.08304901599282251,118.765732,-0.12772129228860293,443.600006,-0.14188990772374055,210.655121,-0.13259897553473457,609.527405,-0.07988335939350293,198.653397,-0.06569685824694123,616.029419,-0.08284530825571018,424.407318,-0.08590140586693475,1045.715332,-0.078496718793646
50,2020-03-13,9955.2,0.03806509804330496,1983.534668,-0.011065470936371832,1069.800049,0.04748857301556737,125.929214,0.06031606827464341,410.850006,-0.0738277973474282,239.786163,0.13828784157589968,620.294495,0.017664652830498964,196.957199,-0.00853847971197799,621.812012,0.009386877999084683,445.894409,0.05062846489371803,1087.327515,0.03979303136008716
51,2020-03-16,9197.4,-0.07612102217936366,1894.465088,-0.04490447353249895,999.5,-0.0657132857772641,114.270027,-0.09258524396094461,376.799988,-0.08287703278666639,221.306793,-0.07706603987820594,563.127136,-0.09216164170536453,179.346786,-0.08941238547975082,571.996887,-0.08011283802603666,401.723724,-0.09906086308429131,999.184448,-0.08106395339402404
52,2020-03-17,8967.05,-0.0250451214473656,1955.096924,0.0320047259693814,975.099976,-0.024412215156578522,114.02301,-0.0021616954724269,350.850006,-0.06886931286152681,213.181793,-0.03671373973595108,535.895447,-0.04835797683882164,172.711716,-0.03699575636666281,564.460693,-0.013175236039352821,366.177826,-0.0884834424167591,991.60968,-0.007580950659472183
53,2020-03-18,8468.8,-0.05556453906245644,1876.807251,-0.04004388326683286,876.900024,-0.10070759146283868,107.896988,-0.053726190880244315,321.850006,-0.08265639945319486,213.231339,0.0002324119677518254,515.954468,-0.03721057738339018,169.568771,-0.01819763634332715,549.48291,-0.02653467847405992,354.013428,-0.03321991976652351,952.751892,-0.03918657591160266
54,2020-03-19,8263.45,-0.02424782731910053,1793.39563,-0.04444336036934886,895.549988,0.021268044982829415,98.559746,-0.08653848613457114,296.75,-0.07798677848112005,201.786987,-0.05367106004994876,526.818237,0.02105567385066221,161.985825,-0.0447190007645924,502.41687,-0.08565514803727005,337.561584,-0.04647237279372351,902.777954,-0.05245220546882942
55,2020-03-20,8745.45,0.058329148237116456,2001.582886,0.1160855153862508,882.849976,-0.014181221699023257,104.241135,0.057644111623420737,300.149994,0.011457502332928889,207.930283,0.030444460722335837,565.10675,0.07267879186953827,178.798019,0.10378805676360882,546.354614,0.08745276407617433,344.690735,0.021119556661400297,1001.397888,0.10924052095317333
56,2020-03-23,7610.25,-0.12980464127060365,1824.028687,-0.08870689305044345,771.549988,-0.12606898807399694,86.851143,-0.166824660917209,254.600006,-0.15175737870772352,179.938721,-0.13461993893405136,508.373993,-0.10039299123572679,169.768326,-0.05050219823744249,461.84436,-0.1546802238591509,283.170868,-0.1784784467734534,869.67511,-0.131538901348272
57,2020-03-24,7801.05,0.02507144968956344,1978.315552,0.08458576671497274,767.700012,-0.004989909871442457,87.691002,0.009670097260550781,262.049988,0.029261538198940028,181.524078,0.008810538338771544,569.548828,0.12033431261697129,175.954422,0.0364384579017407,477.296021,0.03345642458424739,295.634369,0.044014065034401806,928.060059,0.06713420716386836
58,2020-03-25,8317.85,0.06624749232475118,2037.142334,0.029735793129932322,856.75,0.11599583854207203,93.421799,0.06535216691901861,292.799988,0.11734400880657592,188.162781,0.03657202434599333,585.385803,0.027806176084344526,174.258224,-0.009639985063859215,499.288635,0.0460775138119159,315.974792,0.06880263302539086,1064.652344,0.14718043695057892
59,2020-03-26,8641.45,0.038904284159969264,2141.284912,0.05112189573691329,901.099976,0.05176531358947497,93.421799,0.0,312.549988,0.06745210691224984,190.98671,0.015007904246483223,620.92218,0.06070590851004976,182.190399,0.045519659376305824,488.387115,-0.02183410403483349,329.285828,0.0421268921984131,1048.863159,-0.014830367010397609
60,2020-03-27,8660.25,0.0021755608144465653,2088.262695,-0.024761869241621118,904.450012,0.0037177547401622247,90.457596,-0.031729243407098144,322.200012,0.030875206491147274,194.15744,0.016601835803130075,630.289185,0.015085634402687868,183.088379,0.0049287997881819765,477.864838,-0.021544952102186345,338.857819,0.02906894310677721,1048.273071,-0.0005625976991722362
61,2020-03-30,8281.1,-0.04378049132530812,2130.992676,0.020461975929709338,831.650024,-0.08049089055313624,87.74041,-0.030038229183097,308.450012,-0.042675435754545764,185.190216,-0.04618532259181011,605.181885,-0.039834572125809216,183.736923,0.0035422455731064554,499.383392,0.04503062851424945,312.485016,-0.07782852134806437,1013.69458,-0.03298614832012612
62,2020-03-31,8597.75,0.03823767373899598,2242.354248,0.05225807355144578,861.900024,0.036373457076489056,94.558067,0.0777025888071414,326.5,0.058518408716236765,195.04921,0.053237121339066835,619.473694,0.023615725047685554,196.258774,0.0681509780154531,536.069336,0.07346248310957046,322.80481,0.03302492430549055,1095.640137,0.08083850759071842
63,2020-04-01,8253.8,-0.04000465237998322,2126.407471,-0.05170760913598524,829.650024,-0.037417332396732776,90.556396,-0.04231972085469966,305.75,-0.06355288538095102,184.84343,-0.052324128869837394,582.102539,-0.060327267101030514,189.074921,-0.03660398388099581,484.595306,-0.09602121692705816,310.241608,-0.03891888104145657,1062.881592,-0.029899000496364746
64,2020-04-03,8083.8,-0.02059657369938684,2101.481445,-0.011722130560554305,813.849976,-0.019044201093429247,87.74041,-0.03109648930816559,298.100006,-0.025020334990913634,173.894516,-0.05923344962815287,565.5896,-0.028367749483394645,179.596237,-0.05013189454142354,493.790497,0.018974989823776836,285.81311,-0.07874023783424947,1059.93042,-0.0027765764523655823
65,2020-04-07,8792.2,0.08763205423192069,2385.177979,0.13499835303090205,896.099976,0.10106279041890058,102.709633,0.17060808127064828,323.649994,0.08570947817997258,184.694794,0.062108215074476475,617.05957,0.09100232748268354,191.469528,0.06611102325044814,521.233765,0.05557674391615505,325.147949,0.13762433430712814,1186.488525,0.11940227642489974
66,2020-04-08,8748.75,-0.004941880302995919,2400.73877,0.006523953825250321,888.900024,-0.008034718597645667,99.646622,-0.029822042105826656,320.200012,-0.010659678129091053,181.325897,-0.018240346287183407,609.913635,-0.011580624217528963,192.467285,0.005211048517339047,529.812805,0.016459102567923777,318.018829,-0.02192577262727867,1172.765259,-0.01156628632375519
67,2020-04-09,9111.9,0.04150878696956704,2314.302734,-0.036003932239574765,925.049988,0.04066815397893879,106.266678,0.066435327832789,319.0,-0.0037476657954248266,186.032455,0.02595634753705369,614.403992,0.0073622833501664825,196.258774,0.019699394626988085,516.87323,-0.02442291858159221,341.699493,0.07446308784439942,1200.113281,0.02331926341620928
68,2020-04-13,8993.85,-0.01295558555295814,2289.133057,-0.010875706375931658,895.349976,-0.032106384436543074,112.442108,0.05811257222136939,324.950012,0.018652111710682345,181.821335,-0.02263648028512011,615.514465,0.0018073987383857302,188.775589,-0.03812917429108159,499.430817,-0.03374601737451182,329.684662,-0.03516198076419158,1169.814087,-0.025246945000686104
69,2020-04-15,8925.3,-0.007621874947881173,2426.786621,0.06013349183834716,863.299988,-0.035796036466646315,113.726585,0.011423451790853969,350.549988,0.07878130454293437,180.681854,-0.006267036813914152,617.107849,0.0025887027691542793,186.131546,-0.014006275991542586,510.61673,0.022397322350254625,326.394318,-0.009980276243485069,1131.153076,-0.033048850607660635
70,2020-04-16,8992.8,0.007562770999294142,2376.593262,-0.020683054111826804,879.75,0.01905483548685707,119.111557,0.04735016003514046,363.200012,0.03608616161847215,186.775589,0.033726325389598945,602.429688,-0.023785406430635,187.428635,0.006968668277219533,490.709625,-0.03898639396323736,341.001526,0.0447532545588003,1149.057129,0.015828143316652197
71,2020-04-17,9266.75,0.03046325949648616,2326.740967,-0.020976368063101783,910.299988,0.03472575747512681,122.668602,0.029863139141065902,363.299988,0.0002752802097689515,191.482132,0.0251989193298703,607.161499,0.007854544844410113,186.580536,-0.004524916910375082,483.315552,-0.015068123026932662,374.453583,0.09809943489812994,1204.09729,0.047900282423642575
72,2020-04-20,9261.85,-0.0005287722232713342,2279.474854,-0.020314299559070825,944.849976,0.03795446544094823,115.060478,-0.06202177147172512,354.75,-0.02353424845870141,190.738998,-0.003880957414867293,630.868591,0.03904577618812419,180.693771,-0.03155079906084093,497.534912,0.02942044786508338,360.245178,-0.03794436919568739,1223.575439,0.01617655746073478
73,2020-04-21,8981.45,-0.030274729130789164,2260.79248,-0.008195911425483083,921.650024,-0.02455411227780093,105.822044,-0.08029198349063,345.950012,-0.02480614232982763,183.059891,-0.04025976376367467,611.458679,-0.03076696522366585,177.650604,-0.016841571146356843,486.254211,-0.022673184791502675,330.881165,-0.08151118958211288,1217.230347,-0.0051856974222903
74,2020-04-22,9187.3,0.022919461779556588,2327.863037,0.029666834790604047,928.599976,0.007540816995076758,107.007729,0.011204518030288588,353.649994,0.0222574294422429,186.973755,0.021380237793324253,619.811707,0.013660821715149775,178.14949,0.0028082426333883945,491.325775,0.010429861346743223,334.969208,0.012355018757262809,1341.42749,0.10203257198286078
75,2020-04-23,9313.9,0.013779891807168631,2260.890137,-0.02877012046478068,954.950012,0.028376051746440093,109.922531,0.02723917260219595,348.899994,-0.01343132900971872,184.99205,-0.01059884046293024,655.97583,0.05834695051992624,180.494202,0.013161485895918174,496.444794,0.010418787819547998,351.919586,0.05060279451118982,1348.608765,0.005353457457473094
76,2020-04-24,9154.4,-0.017124942290554977,2227.330566,-0.01484352134178901,938.049988,-0.017697301770339784,102.413216,-0.06831461149670945,335.850006,-0.03740325358399398,178.105637,-0.03722545374247166,635.407104,-0.03135592053749903,177.351273,-0.017412908365887617,477.248657,-0.03866721382116059,333.872406,-0.051282113067727834,1393.959106,0.03362749981830355
77,2020-04-27,9282.3,0.013971423577733073,2263.768066,0.016359269053374988,929.700012,-0.008901388259414984,106.90892,0.043897693828890104,349.350006,0.04019644785119705,179.245117,0.006397776169206772,641.780518,0.010030441837804863,181.641632,0.024191306481346743,485.069275,0.016386883200804954,346.884308,0.03897267868252629,1406.501953,0.008998002126469798
78,2020-04-28,9380.9,0.010622367301207716,2234.013184,-0.01314396224900196,931.400024,0.001828561840209037,107.452354,0.005083149282585633,360.5,0.03191648893936208,182.614014,0.018794916460681068,638.014465,-0.005868132319965587,179.296906,-0.012908527489997339,493.316559,0.01700228075670218,358.799438,0.03434900260752076,1404.927856,-0.0011191573510740357
79,2020-04-29,9553.35,0.01838309757059565,2177.234863,-0.025415392087497986,977.099976,0.04906584278043216,114.91227,0.06942533804331552,360.600006,0.000277430053218485,188.360962,0.03147046534993751,653.320251,0.02398971628331344,180.244766,0.00528653851952131,501.18454,0.0159491524386475,369.3685,0.02945674067638861,1403.747314,-0.0008402865634404927
80,2020-04-30,9859.9,0.032088220362490566,2141.382568,-0.016466893677515092,1001.799988,0.025278896021387158,128.646393,0.1195183334207912,420.049988,0.1648639898443068,188.757294,0.002104109024459118,690.932861,0.05757147423859668,190.521667,0.057016362960575565,517.821228,0.033194735017165515,379.040161,0.02618431458015513,1442.162476,0.027366151740326687
81,2020-05-04,9293.5,-0.05744480167141651,2031.776733,-0.05118461158594809,923.0,-0.07865838302749602,114.517036,-0.10983096121474611,385.399994,-0.08249014320533941,177.213882,-0.061154786421127594,650.568115,-0.05842064877559785,189.623688,-0.004713264449864491,476.30069,-0.08018315154897443,337.063049,-0.11074581619334008,1411.863281,-0.021009557178355023
82,2020-05-05,9205.6,-0.009458223489535659,1991.63208,-0.019758397833764266,911.450012,-0.012513495031978324,114.517036,0.0,387.049988,0.004281306174539772,168.841171,-0.04724636075632049,650.568115,0.0,183.786804,-0.030781407436817693,473.930786,-0.00497564679152567,329.884094,-0.02129855236668192,1436.899414,0.017732689373625026
83,2020-05-06,9270.9,0.007093508299296001,1961.096558,-0.015331909094374563,946.400024,0.03834547960265052,117.184822,0.023295974932498187,379.0,-0.02079839786687868,169.534775,0.004108026471813521,643.03595,-0.011577826865984782,186.630417,0.015472345881807733,480.47168,0.013801369721527186,340.40329,0.031887551389489004,1436.997925,6.855803477968204e-05
84,2020-05-07,9199.05,-0.007750056628806305,1943.390015,-0.009028899126750704,925.0,-0.02261202412885219,116.246155,-0.00801014144988841,368.399994,-0.027968337250169936,169.187973,-0.002045609816629047,642.11853,-0.0014267009488349645,183.687042,-0.01577114302863077,489.477264,0.01874321500072595,335.766846,-0.01362044415023145,1482.446655,0.03162755436825009
85,2020-05-08,9251.5,0.005701675716514285,2038.411011,0.04889445518737008,929.049988,0.0043783619302881676,115.702721,-0.004674855697377731,364.600006,-0.010314800553147357,165.125473,-0.024011754074268626,651.050903,0.013910785287569859,183.587265,-0.0005431901941128156,508.29425,0.0384430235762697,336.714111,0.0028211987314555047,1536.404785,0.03639802472352706
86,2020-05-11,9239.2,-0.001329514132843244,1997.973267,-0.01983787557160122,915.799988,-0.014261913981184954,118.321098,0.02263021109071419,368.100006,0.009599547890699871,163.936447,-0.007200742431787085,659.452271,0.0129043181743349,184.28569,0.0038043216123949887,502.606506,-0.011189864925680259,319.215332,-0.05196924758523118,1551.160889,0.009604307500252969
87,2020-05-12,9196.55,-0.004616200536843174,1962.413696,-0.017797821215793076,901.549988,-0.015560107736829386,119.654991,0.011273500859500045,374.549988,0.01752231495819483,165.373184,0.008763987668953336,664.039185,0.006955642131680488,186.630417,0.012723326482919028,505.497711,0.0057524225522061915,320.262268,0.0032797171534355266,1455.197021,-0.061865837825414674
88,2020-05-13,9383.55,0.0203337120985587,1946.999634,-0.007854644528530673,927.650024,0.02895016671348877,122.07576,0.02023124133618469,389.649994,0.040315134974929806,172.507324,0.04313964227719049,670.315918,0.009452353327612791,189.274475,0.014167347651588868,516.399231,0.021565913678291623,337.063049,0.05245944551919545,1486.071411,0.021216639090412177
89,2020-05-14,9142.75,-0.025661929653489277,1957.047974,0.005160935741603767,893.700012,-0.03659786796909826,115.801529,-0.051396206748989315,391.850006,0.005646120572516603,166.413574,-0.035324587146224586,635.552063,-0.05186189685562567,185.582779,-0.019504457745821286,488.861145,-0.05332712433880438,326.44415300000003,-0.031504183064575406,1425.991089,-0.040428960247321385
90,2020-05-15,9136.85,-0.0006453200623444408,1982.46167,0.01298572969984835,888.150024,-0.006210113762534875,117.827072,0.01749150479697033,378.899994,-0.033048473681253736,164.877762,-0.009228886581091162,629.902893,-0.008888603041164272,183.387711,-0.01182797246505287,483.979156,-0.009986453310786302,321.757904,-0.01435543861617283,1449.278564,0.01633072967961573
91,2020-05-18,8823.25,-0.03432255098857925,1956.267456,-0.013212973746927412,836.650024,-0.057985706355722734,113.973602,-0.032704453523210705,375.799988,-0.008181510070756653,153.879303,-0.06670674605590533,641.104614,0.017783250600184212,181.79129,-0.008705168908509864,477.817413,-0.012731422259846251,297.62854,-0.07499229607114798,1430.757813,-0.012779289958503809
92,2020-05-19,8879.1,0.006329867112458603,1927.293091,-0.01481104483496557,830.650024,-0.007171503036073327,115.900345,0.016905168970618317,339.649994,-0.09619485306740747,151.402176,-0.01609785690282205,645.643188,0.007079303285126629,183.986359,0.01207466540338643,485.922394,0.016962506554778926,299.423248,0.006030026555921063,1399.128662,-0.022106572274227285
93,2020-05-20,9066.55,0.02111137390050781,1942.219238,0.007744617084812608,857.099976,0.0318425092779432,119.358574,0.029837952596258474,356.549988,0.04975716953996589,151.996689,0.003926713708526926,646.560547,0.0014208451619256194,184.535126,0.00298265046921222,492.178955,0.012875638326724198,304.75766,0.017815623989223397,1423.756714,0.017602421184621565
94,2020-05-21,9106.25,0.004378732814576739,1922.756592,-0.01002082855488632,859.549988,0.0028584891157012846,127.954765,0.07201988689978811,366.799988,0.02874771938593409,150.559952,-0.009452423006398473,649.119629,0.003957992815791139,188.675827,0.02243855188848982,492.984711,0.0016371199780373193,303.511292,-0.004089701961880011,1431.254272,0.005266038731389469
95,2020-05-22,9039.25,-0.007357584076870281,1939.341431,0.008625553057003953,838.849976,-0.02408241990427695,123.360245,-0.03590737711096565,371.149994,0.011859320491159786,149.470016,-0.007239215910483439,668.577698,0.029976090894025365,188.57605,-0.00052882768071815,502.085144,0.018459868626635786,290.200256,-0.043856806487450224,1421.621582,-0.0067302436670036445
96,2020-05-26,9029.05,-0.0011284122023398765,1929.488159,-0.005080730933964181,852.400024,0.016153177557159205,127.559547,0.034040966763644064,367.049988,-0.011046696267421767,150.014984,0.003646002152030354,657.182861,-0.017043399793452357,188.376495,-0.0010582202777076077,493.363922,-0.017370006072117545,291.84549,0.005669305818944416,1414.173706,-0.005239000374151573
97,2020-05-27,9314.95,0.031664460823674856,1949.291992,0.010263775347687916,903.650024,0.06012431355615596,131.709427,0.03253288442612618,387.799988,0.05653176531991394,157.149124,0.04755618278771408,681.227966,0.03658814985438282,200.798569,0.0659428024711893,496.492157,0.006340623747514351,317.919128,0.08934055482577448,1435.524536,0.015097742172275871
98,2020-05-28,9490.1,0.018803106833638356,1960.852661,0.005930701530322586,945.25,0.04603550572711522,136.74855,0.03825939505453918,391.100006,0.008509620305693143,156.752777,-0.0025221076001670337,683.111023,0.0027642097711531822,198.902832,-0.00944098859588983,502.132507,0.011360401006294154,325.895782,0.025090198410458637,1462.039307,0.0184704408284667
99,2020-05-29,9580.3,0.009504641679223496,2007.094849,0.02358269385544627,951.650024,0.006770712498874076,137.193207,0.0032516395969098507,405.850006,0.037714062979611995,159.824417,0.019595442318702923,676.357178,-0.009886892134077112,212.322662,0.06746927565113814,502.843475,0.0014158971787103134,330.980896,0.015603497439558687,1454.243774,-0.005331958561357597
100,2020-06-01,9826.15,0.025662035635627318,2057.044434,0.02488650948652793,987.650024,0.037829018429528044,137.489609,0.0021604714000161866,419.299988,0.03314028756741964,168.49437,0.05424673627935081,684.726013,0.012373395703061483,214.567612,0.010573294338218069,515.261658,0.02469592152906031,338.259552,0.021991166523399625,1509.805786,0.0382068075472468
101,2020-06-02,9979.1,0.015565608096762286,2055.922363,-0.0005454772786885644,1001.0,0.01351694426890153,139.465744,0.014372977088035789,424.700012,0.01287860144192719,168.692535,0.0011760927086168448,693.094788,0.012222078380422255,215.365814,0.0037200488580727805,519.006042,0.007266956393638682,347.382843,0.02697127382229843,1525.049194,0.010096270753064955
102,2020-06-03,10061.55,0.008262268140413354,2068.702393,0.0062162026300211495,1022.25,0.02122879300221976,141.639496,0.015586279022037177,419.100006,-0.013185686785434239,173.300003,0.027312814998008132,686.683655,-0.009250008961256176,210.875916,-0.020847774846940243,524.456848,0.010502394112783869,355.808197,0.02425380000704303,1530.958008,0.0038745071458987446
103,2020-06-04,10029.1,-0.0032251492066330645,2068.799805,4.7088455221831734e-05,1001.700012,-0.020102757553246944,140.947845,-0.004883178912187087,422.049988,0.007038818579190672,172.457779,-0.004859919131103626,692.752258,0.008837552715594983,215.764923,0.023184283405792157,551.80542,0.05214646753930838,346.834473,-0.025220678094720804,1568.843506,0.02474626854690313
104,2020-06-05,10142.15,0.011272197904098998,2036.606201,-0.015561488319069157,1033.349976,0.03159622781773445,147.469101,0.046267156479050775,439.399994,0.04110887986871384,186.082001,0.07900033317720045,688.641296,-0.005934245543808783,218.259308,0.011560660395202394,549.672424,-0.003865485772140564,356.157166,0.026879372512662588,1570.730225,0.001202617719858213
105,2020-06-08,10167.45,0.002494540112303712,2060.117432,0.011544318675085853,1015.900024,-0.016886721913001536,144.603714,-0.01943042291957824,436.799988,-0.005917161060117635,185.091141,-0.0053248567549528765,705.574646,0.02458950704576976,225.942032,0.03519998331525915,559.29425,0.01750465473596335,358.749542,0.0072787416553061896,1558.61499,-0.007713122729270702
106,2020-06-09,10046.65,-0.011881051787813176,2055.044434,-0.0024624800126442975,987.299988,-0.02815243030623247,140.898453,-0.025623553486323367,430.600006,-0.014194088199606698,182.762634,-0.012580326575435622,702.393494,-0.004508597379503907,217.860214,-0.03576943133803452,555.692017,-0.006440675905393394,347.53241,-0.0312673068165199,1526.489258,-0.020611717586522103
107,2020-06-10,10116.15,0.00691772879517053,2067.824219,0.006218739015353171,991.849976,0.0046085320525736965,145.196533,0.030504806181228968,425.0,-0.013005163136406156,185.98291,0.01761999118485025,700.680603,-0.0024386487270054544,216.513229,-0.006182794808050715,559.768311,0.0073355273700109235,351.969421,0.012767186231638033,1561.246582,0.022769452073012834
108,2020-06-11,9902.0,-0.02116912066349349,2055.434326,-0.005991753499236885,968.599976,-0.023441079954834285,142.676971,-0.017352769711105838,417.450012,-0.017764671330182905,175.529419,-0.056206728887079,689.032776,-0.016623589906912276,212.422424,-0.018894018711438594,542.088806,-0.03158361174182306,340.253723,-0.033286124592056626,1527.0354,-0.021912734602226983
109,2020-06-12,9972.9,0.007160169662694368,2055.775879,0.00016617071909294796,982.75,0.014608743871534153,144.307281,0.011426581238537648,411.649994,-0.013893924219058032,177.511124,0.011289873864391958,677.384949,-0.016904605130133907,207.43364,-0.02348520417976216,525.831421,-0.02999026141115336,343.195129,0.008644743029013174,1577.781128,0.03323153346674222
110,2020-06-15,9813.7,-0.01596326043578086,2033.386719,-0.010890856454104607,949.849976,-0.03347750575102606,144.060257,-0.001711791659354887,405.0,-0.016154479787170186,172.110977,-0.03042145685472649,672.980286,-0.0065024518281702,213.320419,0.02837909511687685,520.238464,-0.010636406986413154,330.133362,-0.038059301826512903,1603.352539,0.016207197909899135
111,2020-06-16,9914.0,0.01022040616688907,2025.630737,-0.0038143172312123923,990.400024,0.042691005416431047,148.30896,0.029492540749805868,414.25,0.022839486469121068,171.318298,-0.004605627216908963,686.341064,0.019853149160449526,211.923553,-0.006548205776775587,505.545135,-0.02824344991146215,341.948761,0.0357897757694662,1606.480469,0.001950868523245034
112,2020-06-17,9881.15,-0.0033134960661690906,2027.484497,0.0009151519900144395,979.25,-0.011258055499767767,146.234024,-0.013990631449374387,420.799988,0.015811729125325524,171.367844,0.00028920436741668024,688.739136,0.0034939946417078586,217.311447,0.025423762124259914,507.67804,0.004219019929842652,340.951691,-0.0029158462135793727,1604.146851,-0.0014526276820861336
113,2020-06-18,10091.65,0.021303188394063446,2014.899536,-0.006207179891447536,1019.950012,0.041562407576570363,149.00061,0.018918894005132414,427.899994,0.016872633599280193,178.006546,0.03873948487091893,698.771912,0.014566873690767024,217.660645,0.0016069010851508493,508.009827,0.0006535382148890327,350.972351,0.02939026338485009,1644.415649,0.025102937411806858
114,2020-06-19,10244.4,0.01513627603018337,2055.563965,0.02018186429320808,1033.349976,0.013137808487965853,149.24762,0.0016577784480212349,436.899994,0.02103296377903055,182.81218,0.026996950999768437,690.598877,-0.011696284380703652,221.55191,0.017877669157876492,510.806305,0.005504771465769374,362.737885,0.03352268053730535,1747.197876,0.06250380009610326
115,2020-06-22,10311.2,0.006520635664363076,2063.470947,0.0038466241550405714,1028.75,-0.0044514462217943645,148.30896,-0.006289279520839251,446.200012,0.02128636744662591,185.98291,0.017344194462316415,688.788147,-0.002621970669668545,217.560883,-0.018013958895682743,519.954041,0.017908424211795802,366.476929,0.010307839778025884,1734.039795,-0.007530962108381157
116,2020-06-23,10471.0,0.015497711226627285,2117.640869,0.026251846229652803,1042.300049,0.013171294631501082,156.46051,0.05496330093609978,463.100006,0.037875298320258155,190.689453,0.025306319811857887,705.378906,0.0240868822616369,220.105164,0.011694570112587805,529.717957,0.01877842122588676,375.051819,0.023398171403035413,1708.964844,-0.01446042419112984
117,2020-06-24,10305.3,-0.015824658580842397,2092.446777,-0.011897244886427308,1032.5,-0.009402326547093153,149.593445,-0.04389008446923762,444.950012,-0.03919236765913464,182.91127,-0.040789791347295885,699.016663,-0.009019610518378664,217.710541,-0.010879449425366484,531.756104,0.0038476079073152783,347.08374,-0.07457123944784826,1715.866699,0.004038617309321222
118,2020-06-25,10288.9,-0.0015914141267114627,2134.535156,0.02011443228216447,1028.75,-0.0036318885751432427,144.850723,-0.031704076338371745,442.899994,-0.004607272768314251,183.555328,0.003521149899620735,685.655884,-0.01911367740886025,217.710541,0.0,525.310059,-0.01212218336848659,349.97525,0.008330871391440117,1705.985718,-0.00575859477065358
119,2020-06-26,10383.0,0.009145778460282476,2115.921875,-0.008720062983118145,1056.449951,0.026925818022239905,149.24762,0.030354677622147764,440.25,-0.005983273874717206,182.91127,-0.0035087949067869125,732.345154,0.06809431828634313,224.944275,0.03322638383412036,531.661316,0.012090491874628337,348.080811,-0.005413065638213085,1729.570923,0.013824972126759674
120,2020-06-29,10312.4,-0.006799576230376612,2144.161133,0.013346077817736094,1076.050049,0.018552784835973425,144.10968,-0.03442560759092851,431.899994,-0.018966489982048352,177.610214,-0.028981571228497777,716.243652,-0.021986220448179526,219.207169,-0.025504565519615965,513.365723,-0.03441211998956127,342.098328,-0.017187052003277487,1711.199219,-0.010622116593018087
121,2020-06-30,10302.1,-0.0009987975640975207,2141.263672,-0.0013513261458788046,1065.849976,-0.009479190882741717,144.45549,0.0023996306146818187,425.200012,-0.015512808035624544,176.81752,-0.004463110438006744,720.354736,0.005739784204049051,219.157288,-0.00022755186441917498,515.119446,0.0034161279599106316,350.42395,0.02433692689664362,1692.281372,-0.011055315354255175
122,2020-07-01,10430.05,0.012419797905281341,2131.833984,-0.004403795816137196,1084.599976,0.017591584211006164,145.789383,0.009233937734038277,446.950012,0.05115237904185767,183.109436,0.035584233960526006,716.390503,-0.005503167817029575,218.55864,-0.002731590655566048,517.48938,0.004600746522778221,362.987152,0.03585143652424439,1725.549072,0.019658492110377082
123,2020-07-02,10551.7,0.011663414844607789,2113.515381,-0.008592884407268983,1089.400024,0.004425691102314126,145.987,0.001355496511018283,442.450012,-0.010068245908797693,183.753494,0.0035173392156589963,740.567078,0.03374776033288659,223.697083,0.023510591939993747,531.661316,0.027385945582110445,361.79068,-0.003296182780595969,1754.7052,0.016896724916786416
124,2020-07-03,10607.35,0.005274031672621439,2135.075195,0.010200925999317215,1073.949951,-0.01418223268362237,144.653091,-0.009137176597916291,444.200012,0.003955242661214637,183.010345,-0.0040442713976365985,746.537842,0.008062421592011301,224.295746,0.0026762217547558103,537.680847,0.011322115826083376,359.946075,-0.0050985420630514896,1782.16687,0.01565030410806323
125,2020-07-06,10763.65,0.014735065779860123,2123.190674,-0.005566324327982252,1103.0,0.027049784566321712,152.50824,0.05430336085939575,456.600006,0.027915395383437278,186.329712,0.018137592167262455,747.810242,0.0017044012083717807,222.150558,-0.009564104706649312,551.284058,0.025299787180256373,360.793579,0.0023545304668206616,1845.862061,0.035740306966877924
126,2020-07-07,10799.65,0.0033445903573601893,2115.872803,-0.0034466386319478254,1105.150024,0.0019492403249612663,150.482712,-0.013281433186823273,450.950012,-0.012374101080347375,186.87468,0.0029247509382723216,777.321411,0.039463445861710994,224.395508,0.010105533923529543,556.308167,0.009113466872644568,374.952118,0.03924276878552753,1817.602905,-0.015309462498346497
127,2020-07-08,10705.75,-0.008694726217979253,2147.206055,0.014808665225798972,1110.349976,0.004705151282183768,153.150482,0.017728082944172475,444.0,-0.015411906190552317,190.144485,0.017497314242892567,758.283569,-0.02449159605099306,222.599564,-0.008003475720200335,553.085205,-0.00579348316488054,367.872864,-0.018880421419569075,1792.234497,-0.01395706836196988
128,2020-07-09,10813.45,0.010060014478201035,2137.187256,-0.004665969983025194,1124.949951,0.013149031645910454,162.833542,0.06322578860705108,442.549988,-0.003265810867113087,197.278625,0.037519573602147874,765.135193,0.00903570152395047,221.102921,-0.006723476780933756,547.255188,-0.01054090210205496,369.268768,0.003794528318348673,1818.400391,0.01459959287905615
129,2020-07-10,10768.05,-0.004198475047279217,2184.2854,0.02203744377932976,1105.099976,-0.017645289399862672,161.746674,-0.006674718160954708,436.5,-0.013670712589066289,193.810638,-0.017579132052446097,765.281982,0.0001918471419730036,221.601807,0.0022563519185709847,539.387207,-0.014377170235250446,359.297974,-0.02700145494026728,1872.027832,0.02949154722217616
130,2020-07-13,10802.7,0.003217852814576591,2224.998779,0.018639221321536004,1080.25,-0.022486549551354606,167.230453,0.03390350394469316,439.200012,0.006185599011475395,190.937164,-0.014826193389859311,780.159912,0.01944110844099292,227.089462,0.02476358417059293,568.821228,0.05456937172037903,352.567657,-0.018731853467116998,1928.795166,0.030323979713139285
131,2020-07-14,10607.35,-0.018083442102437387,2195.040771,-0.013464280647140106,1058.849976,-0.019810304985943748,161.845474,-0.032200947276032406,437.5,-0.0038707590795555654,184.348007,-0.03450955729079542,766.652344,-0.017313845267148246,224.495285,-0.011423590408611748,567.162231,-0.0029165525446951134,344.541168,-0.022765812009806586,1910.852905,-0.009302315412377046
132,2020-07-15,10618.2,0.0010228756475463112,2234.722656,0.018077971728024896,1053.150024,-0.0053831784608756915,163.426376,0.009767971639417046,437.549988,0.00011426371944210124,182.118591,-0.012093518320488196,813.341614,0.06090018554746646,262.160614,0.16777781769447858,583.277527,0.028413908964964107,344.790436,0.0007234781301953799,1838.087036,-0.03808030896025462
133,2020-07-16,10739.95,0.011466161873010491,2247.19751,0.0055822828691991615,1062.550049,0.008925725454420282,164.068634,0.003929953142936965,433.450012,-0.009370312859279624,184.546173,0.013329677034454987,891.695251,0.0963354581289135,261.3125,-0.003235093125010798,568.205078,-0.025840956152593218,343.643799,-0.0033256055861131785,1837.489014,-0.00032535020828028995
134,2020-07-17,10901.7,0.015060591529755724,2293.067139,0.020411925874731084,1098.449951,0.03378647576047259,160.215164,-0.023486939008707877,436.450012,0.006921263980511618,186.478333,0.0104697917523328,884.011597,-0.00861690582223358,260.763763,-0.0020999263334131237,568.489441,0.0005004583925948274,352.767059,0.02654859487221539,1905.569824,0.03705100247200712
135,2020-07-20,11022.2,0.011053321958960529,2289.53125,-0.0015419910476507964,1133.050049,0.03149907221507841,158.980072,-0.007708958185755628,453.649994,0.03940879086564958,189.005005,0.013549413271514064,914.501526,0.03449041743736305,270.192535,0.036158290904860266,590.43457,0.03860252700806091,361.940216,0.026003439850657947,1913.743652,0.004289440301296556
136,2020-07-21,11162.25,0.012706174810836246,2276.811279,-0.0055557097113219074,1138.550049,0.004854172531377303,158.090836,-0.0055933802822784665,458.399994,0.010470603789070195,192.621613,0.019134985340732037,916.899597,0.0026222711847065402,270.741333,0.0020311367965809143,588.396545,-0.003451737251767053,377.694092,0.043526182788154136,1965.228027,0.026902440640989254
137,2020-07-22,11132.6,-0.0026562744966292314,2208.546387,-0.029982674730064943,1126.349976,-0.010715521328665198,157.99202,-0.0006250583683421052,460.25,0.004035800079033803,190.243576,-0.012345639531115369,898.449097,-0.020122704885429152,265.40332,-0.019716283955800683,585.789673,-0.004430467891343504,379.987396,0.006071855632838381,1997.573975,0.016459132251119633
138,2020-07-23,11215.45,0.007442106965129472,2172.056641,-0.01652206456463246,1130.400024,0.003595726299515677,160.066956,0.013133169637301986,462.75,0.005431871366314262,196.436401,0.032552084702192514,888.709839,-0.010840077676654465,266.001984,0.0022556763796322712,604.425598,0.031813338232065495,391.104828,0.02925737042078103,2051.201416,0.02684628537974413
139,2020-07-24,11194.15,-0.0018991658827778725,2170.042969,-0.0009270807961402707,1119.099976,-0.00999649598446877,154.336166,-0.03580245506761566,454.149994,-0.018584580007810752,190.194031,-0.03177807151944305,903.294128,0.016410630736811288,269.943115,0.014816171446300132,623.682678,0.031860133097804326,380.685333,-0.026641182245901562,2139.268066,0.04293417960472011
140,2020-07-27,11131.8,-0.005569873550023929,2182.026367,0.0055221938787332146,1079.5,-0.0353855547833881,156.312302,0.01280410192384847,445.799988,-0.018385991955506775,185.437927,-0.02500658919206562,928.351685,0.027740196933949263,268.246918,-0.006283534958837472,635.103149,0.018311348708004393,357.453369,-0.061026685259765456,2149.285889,0.0046828273460517945
141,2020-07-28,11300.55,0.015159273432868001,2202.702148,0.009475495490197217,1086.650024,0.0066235066300378296,162.734741,0.041087226775023925,448.950012,0.007066009060630346,187.716904,0.01228970274241686,942.446472,0.015182594298840528,274.832123,0.024549042535504658,654.025757,0.029794542870389653,351.072052,-0.017852166333897454,2170.716797,0.009971176058840172
142,2020-07-29,11202.85,-0.008645596895726217,2191.6521,-0.005016587471907283,1064.599976,-0.02029181316697571,162.092499,-0.003946557422548208,461.75,0.028510920917608065,189.450882,0.009237196880255427,933.930847,-0.009035659056507137,276.378632,0.0056271042231841205,646.428101,-0.011616753497370333,350.025085,-0.0029821997907141726,2089.926758,-0.03721813877869946
143,2020-07-30,11102.15,-0.008988784104045017,2165.807861,-0.011792126587974442,1050.650024,-0.013103405704459023,160.066956,-0.012496216743502726,464.600006,0.006172209974590522,184.84343,-0.024320034572338358,941.076172,0.007650807362185855,283.462738,0.025631887489768097,644.851257,-0.002439318460259724,343.942932,-0.01737633461327495,2102.087891,0.00581892784206367
144,2020-07-31,11073.45,-0.002585084870948322,2179.913574,0.0065129106113260985,1032.800049,-0.016989475965135004,161.153839,0.006790177230583433,478.149994,0.02916480386841609,189.698593,0.02626635417877701,945.529785,0.004732468138615144,280.319794,-0.011087679538324364,651.445557,0.010226079159212953,345.787506,0.005363023421571643,2060.47168,-0.019797559929904958
145,2020-08-03,10891.6,-0.016422162921221513,2174.586914,-0.002443518891543071,1002.0,-0.02982192535316053,159.424728,-0.01072956754073986,452.149994,-0.054376262565909037,190.491287,0.004178702580045028,936.6226810000001,-0.009420225720335072,280.918427,0.002135535958620199,643.752136,-0.01180976816455601,342.247894,-0.010236379101563125,2002.557861,-0.028107068668859404
146,2020-08-04,11095.25,0.018697895625986966,2167.977783,-0.003039258149421643,1041.650024,0.039570850955519,160.412781,0.006197614462920758,461.700012,0.021121379916898428,189.847244,-0.003380957786274028,929.721985,-0.007367637085867279,280.419556,-0.0017758571601285817,623.73053,-0.03110142068716943,349.97525,0.022578242658229605,2143.703857,0.07048285532659572
147,2020-08-05,11101.65,0.0005768234154254872,2164.771729,-0.0014788223500903687,1027.550049,-0.01353616574446016,173.652893,0.08253776237443332,453.600006,-0.017543884017851567,189.698593,-0.0007830032023009035,924.681152,-0.0054218713565217245,277.575958,-0.010140512454131358,619.812195,-0.0062820958916345974,351.171753,0.00341882175953873,2119.631348,-0.011229400423661263
148,2020-08-06,11200.15,0.008872554980565953,2190.320313,0.01180197600409448,1040.699951,0.0127973620599136,175.876053,0.012802320546424798,463.899994,0.022707210362536177,189.203171,-0.0026116271721635317,950.276917,0.027680638828464006,279.022705,0.00521207604010128,631.089233,0.018194282221246166,357.702637,0.018597406950324837,2127.256836,0.003597553889356864
149,2020-08-07,11214.05,0.0012410548073016555,2180.554932,-0.004458425985478299,1043.849976,0.003026856747258148,175.48082,-0.0022472246406395006,480.299988,0.03535241817119955,188.905914,-0.0015710994611184497,930.749756,-0.02054891647967913,276.77774,-0.00804581476622119,633.096252,0.0031802459859111773,356.904968,-0.0022299779691028246,2139.567139,0.005786937802558884
150,2020-08-10,11270.15,0.005002652922004126,2176.806152,-0.001719186224105588,1050.650024,0.006514399406587676,176.468903,0.005630717932592391,494.299988,0.029148475214258975,192.027115,0.01652251607114859,931.190186,0.0004731991570889996,276.77774,0.0,651.636536,0.029285095183283327,362.488617,0.015644637930621295,2113.05249,-0.012392529552679856
151,2020-08-11,11322.5,0.004645013597866964,2180.65332,0.001767345244070122,1066.650024,0.015228647657807539,176.814697,0.0019595180460774083,481.899994,-0.02508601865284969,193.265671,0.006449901619362392,928.351685,-0.003048250553620058,279.022705,0.008111074973008954,644.898987,-0.010339427929191411,366.277527,0.010452493739962168,2126.957764,0.006580657161053387
152,2020-08-12,11308.4,-0.0012453080150143841,2165.314453,-0.007034069496200312,1063.699951,-0.002765753411922955,173.702286,-0.017602671343547923,487.149994,0.010894361439249996,201.440201,0.04229685467524134,934.713928,0.006853268112504191,275.580444,-0.012336849074701551,661.384644,0.025563161568433267,365.778992,-0.001361085415431463,2120.777832,-0.00290552643056621
153,2020-08-13,11300.45,-0.0007030172261326897,2168.816162,0.0016171826660781629,1059.050049,-0.004371459416098119,181.359833,0.04408431907453436,489.149994,0.004105544015690078,200.052994,-0.0068864456702959174,931.043396,-0.003926904146869608,276.378632,0.0028963883953971054,666.163147,0.007224998408036823,366.975464,0.0032710243785678416,2115.245361,-0.00260869899549216
154,2020-08-14,11178.4,-0.010800454849143272,2144.401855,-0.011256973932491383,1034.449951,-0.023228391097607298,182.743103,0.007627212581299531,485.649994,-0.007155260074837656,194.702408,-0.026745843153939606,933.392517,0.0025231058080561995,275.879761,-0.001805027387211354,665.064087,-0.0016498360873751677,360.344879,-0.018068197060716835,2107.021973,-0.003887675704965126
155,2020-08-17,11247.1,0.006145781149359544,2166.251465,0.010189139665708672,1032.75,-0.0016433396483196455,190.252426,0.04109223755492443,492.350006,0.013795971926451125,191.333511,-0.017302800898076228,937.2099,0.004089793876074057,281.317566,0.01971077900129117,689.09967,0.03614025094697374,359.148407,-0.003320352444914228,2084.644043,-0.01062064386928921
156,2020-08-18,11385.35,0.012292057508157659,2184.303223,0.00833317751501212,1056.5,0.022996784105405194,193.661255,0.017917400958661085,500.149994,0.015842393944069756,193.315216,0.010357333588050894,947.046936,0.010496086308947454,282.065857,0.0026599512097299845,681.454102,-0.01109501039232817,368.4711,0.025957773495010817,2111.756592,0.013005841016859108
157,2020-08-19,11408.4,0.002024531525161657,2163.834717,-0.009370725540517003,1066.599976,0.00955990807842347,194.451721,0.004081694090023225,499.399994,0.010624291179008554,195.247375,0.00999486248407892,938.971741,-0.008526710443842256,279.122467,-0.010435116221812065,694.499268,0.01914313225456231,373.356812,0.013259417088612955,2124.715088,0.006136358730495082
158,2020-08-20,11312.2,-0.008432383156270722,2156.041992,-0.003601349464807688,1059.0,-0.007125456597531152,196.625458,0.01117880052087591,491.899994,-0.015018022587385866,192.968414,-0.011672172289128136,934.909668,-0.004326086529157795,273.58493,-0.019839094500407904,694.212646,-0.0004127030987742948,366.676361,-0.01789293990436153,2090.325684,-0.0161854190212255
159,2020-08-21,11371.6,0.0052509679814713,2172.170166,0.007480454490146102,1085.650024,0.025165251289537022,193.908279,-0.013819059991712852,493.399994,0.0030493877252734452,196.585022,0.01874196882812134,928.694214,-0.006648186678073825,272.736847,-0.0030998893104235464,700.137817,0.008535095167367624,370.066437,0.009245417377751336,2075.174316,-0.007248328868545741
160,2020-08-24,11466.45,0.008340954658975022,2164.623779,-0.0034741233067832624,1117.050049,0.02892284238990125,190.993484,-0.015031823370470933,497.399994,0.008106981329041913,199.607117,0.015372966715643161,927.323975,-0.0014754469009752758,272.088287,-0.0023779698531164427,690.485352,-0.013786521404256622,379.239563,0.02478778155177571,2089.029785,0.006676773557368992
161,2020-08-25,11472.25,0.0005058235112000028,2149.531494,-0.0069722439282138985,1119.699951,0.0023721829017618423,189.017349,-0.010346609520982398,492.100006,-0.010655352897681377,206.047653,0.03226606393999473,918.220947,-0.009816448453195653,269.344482,-0.010084245192076027,705.871948,0.022283739916324742,385.222046,0.01577494434566681,2075.423584,-0.006513167546818895
162,2020-08-26,11549.6,0.006742356556037426,2153.181152,0.0016978853346357496,1118.449951,-0.0011163845923514945,191.191101,0.011500277680859906,493.549988,0.0029465244832584834,207.930283,0.009136866994549101,930.651855,0.013538035742501887,271.439728,0.007779056709986635,700.376709,-0.007785036670702163,388.213287,0.00776497874682905,2130.446533,0.026511671845779555
163,2020-08-27,11559.25,0.0008355267714898902,2141.787842,-0.0052913847910182376,1112.099976,-0.005677497264762742,192.574371,0.0072350124705857005,496.75,0.006483687828843029,213.677216,0.02763874947450528,926.981323,-0.003944044145272756,271.739075,0.0011028120393637131,703.004822,0.003752427752419712,391.054993,0.00731996068954756,2103.832275,-0.012492337914964052
164,2020-08-28,11647.6,0.007643229448277385,2122.749756,-0.008888875745144891,1114.5,0.0021581819059211574,191.487518,-0.005643809165031722,519.25,0.04529441527945697,222.79306,0.04266175014185888,915.431396,-0.012459719212703087,271.439728,-0.0011015971847258682,719.012695,0.022770644665649275,408.503906,0.04462010027321131,2109.364258,0.002629479101417367
165,2020-08-31,11387.5,-0.02233078058999282,2088.619385,-0.016078377068954985,1115.849976,0.0012112456623824942,183.039536,-0.04411766410800727,505.950012,-0.02561386940466627,210.060608,-0.05714923077047371,908.922302,-0.007110411581295607,270.691406,-0.0027568624737202437,708.165649,-0.015086028487994885,393.447968,-0.036856288957981154,2074.028076,-0.016752053072855284
166,2020-09-01,11470.25,0.007266739846322722,2132.318115,0.02092230413728544,1127.300049,0.010261325261780288,191.734528,0.047503354685077506,505.049988,-0.0017789097465287932,216.104813,0.028773624229441463,894.778564,-0.015560997864039632,270.990753,0.0011058607453537392,695.598267,-0.01774638746986168,389.808624,-0.00924987367071621,2080.556885,0.0031478884377454833
167,2020-09-02,11535.0,0.005645038251127918,2112.5896,-0.009252144349953263,1134.150024,0.006076423686370507,193.858871,0.011079605860035714,500.850006,-0.008315925981612186,214.271729,-0.008482383962452579,904.4198,0.010774996616928397,273.08606,0.00773202397795467,702.6226810000001,0.010098377660276853,391.254395,0.0037089251262947412,2121.375732,0.019619192964291387
168,2020-09-03,11527.45,-0.0006545296922409426,2110.123291,-0.0011674340345138074,1130.900024,-0.0028655532179759687,190.680862,-0.016393415393407523,521.849976,0.041928674413758214,211.200089,-0.014335255585677392,915.724976,0.012499920943791766,282.215515,0.033430688479668305,725.893677,0.033120189013653496,381.632568,-0.024592252823128023,2105.327393,-0.007565062029285033
169,2020-09-04,11333.85,-0.01679469440335897,2095.820068,-0.006778382600204137,1119.300049,-0.010257349060110322,187.006287,-0.019270811771346014,508.450012,-0.025677857834236064,204.710022,-0.03072947095206945,899.672546,-0.017529750111347796,275.38089,-0.024217750749812462,715.046631,-0.014943023122654886,371.462341,-0.026649263854231674,2070.589111,-0.016500180501855206
170,2020-09-07,11355.05,0.0018705029623648547,2133.255371,0.017861887845994327,1110.5,-0.007862063044568343,186.211777,-0.00424857373912768,494.450012,-0.027534673981867142,205.998108,0.00629224689351063,905.44751,0.006418962127582755,278.124725,0.009963781437411978,713.9953,-0.0014702971168883176,372.309845,0.002281534105768248,2075.97168,0.0025995350653615656
171,2020-09-08,11317.35,-0.003320108674114065,2113.181396,-0.0094100196689486,1112.449951,0.0017559035706140357,179.011597,-0.038666619888386634,487.0,-0.01506722904116147,202.183334,-0.018518490470795974,919.395508,0.01540453515632285,281.916168,0.013632168085739286,718.917114,0.006893342295110243,374.603149,0.0061596652111092515,2100.343506,0.01173996073010016
172,2020-09-09,11278.0,-0.0034769623630974003,2103.317139,-0.004667965096925226,1096.5,-0.014337687796548607,181.544067,0.014146960545802056,494.549988,0.015503037193670525,193.067505,-0.045086945692566285,908.090332,-0.012296314156018218,282.215515,0.0010618298415575609,719.968384,0.001462296528386783,366.526794,-0.021559762702368472,2154.419434,0.02574623048350061
173,2020-09-10,11449.25,0.015184429863450966,2104.94458,0.0007737496974770931,1090.550049,-0.005426316955223918,175.436325,-0.033643302702918966,491.0,-0.007178232305311777,196.337311,0.016936076322113285,920.129639,0.01325782972877197,283.911682,0.006010183387685127,716.766846,-0.004446775818422643,369.617767,0.008433143362501404,2306.579834,0.0706271014820414
174,2020-09-11,11464.45,0.0013275978775902986,2129.950684,0.011879697089222202,1078.650024,-0.010911958315468574,177.422577,0.011321782988785127,499.0,0.016293276087687707,200.845688,0.022962405754859277,925.659973,0.006010385673490993,292.642059,0.030750326786482964,731.245544,0.020200010757752053,369.418335,-0.000539562807325768,2312.311523,0.0024849298149199604
175,2020-09-14,11440.05,-0.0021283184103905073,2094.685791,-0.01655667113088898,1057.949951,-0.019190695719833187,174.592163,-0.015952952819527532,515.900024,0.03386780880391677,196.684113,-0.020720260621178977,957.667053,0.034577578088709225,306.510925,0.04739190958193733,755.711182,0.03345748661409965,362.638184,-0.018353585508959616,2295.166748,-0.0074145610699357985
176,2020-09-15,11521.8,0.007145947788689736,2095.623047,0.000447444673576898,1070.5,0.011862616591562592,175.535645,0.0054039195333182785,529.700012,0.02674936874108972,198.319016,0.008312328713605904,961.631165,0.004139342569614327,306.660583,0.00048826318344113865,756.093445,0.0005058321341604368,370.46524,0.021583650992472347,2311.414551,0.007079138373783963
177,2020-09-16,11604.55,0.007182037528858339,2114.414551,0.008967024879260075,1093.650024,0.02162545977054614,182.537201,0.039886804756948495,528.5,-0.002265494137921565,196.386856,-0.009742686500622866,980.522217,0.019644800093391257,311.449799,0.015617318512695877,756.905823,0.0010744412683012755,373.606079,0.00847809365326698,2317.096191,0.0024580791868521225
178,2020-09-17,11516.1,-0.007622010332154105,2099.322021,-0.007137923825231894,1083.599976,-0.009189544269871525,174.64183,-0.0432534900105103,530.549988,0.0038788467842419323,193.662003,-0.013874925519455315,989.576172,0.009233809130507533,311.000824,-0.0014415645842171879,752.079529,-0.006376346770422554,367.922699,-0.015212225708993346,2291.378906,-0.01109892852091792
179,2020-09-18,11504.95,-0.0009682097237779836,2070.222412,-0.01386143179031602,1057.300049,-0.024270820875585387,178.266739,0.020756247228971448,537.299988,0.012722682509478155,190.838089,-0.014581662671329503,980.913757,-0.008753661663551059,315.790039,0.015399364343806227,768.995239,0.0224919165430442,368.4711,0.0014905332057263358,2298.306396,0.0030232843559222476
180,2020-09-21,11250.55,-0.022112221261283312,2010.148804,-0.029017948821240057,1049.300049,-0.00756649072331636,166.001587,-0.06880224583005358,532.200012,-0.009491899821165998,184.100296,-0.03530633237477038,988.499512,0.0077333557062141895,311.200348,-0.014533995481725627,752.366211,-0.021624357546900168,349.676147,-0.05100794336380781,2248.616455,-0.02162024222987895
181,2020-09-22,11153.65,-0.008612912257622929,1999.298096,-0.005397962567949243,1035.400024,-0.013246915016501831,162.327011,-0.022135788376529207,529.150024,-0.005730865210636352,184.496628,0.0021528047950558483,986.15033,-0.0023765130599274673,311.549561,0.001122148488085763,764.981384,0.016767330610491793,353.365326,0.010550273536387277,2204.05957,-0.0198152445700216
182,2020-09-23,11131.85,-0.001954517131163276,2024.698608,0.012704714745049172,1047.25,0.011444868402430081,164.313278,0.01223620756498743,532.400024,0.006141928897665999,182.118591,-0.012889325001647065,998.140747,0.012158812541288689,314.143738,0.00832669123870151,757.909241,-0.009244856342804933,350.822784,-0.007195222091484916,2223.646729,0.008886855539934502
183,2020-09-24,10805.55,-0.029312288613303365,2032.935181,0.004068048927112284,1030.400024,-0.016089716791988163,158.006912,-0.03838013626628517,505.149994,-0.05118337220179279,174.73674,-0.04053320948436292,954.730591,-0.04349101680346492,304.01651,-0.03223756126566497,718.534851,-0.051951325923996684,334.71994,-0.045900222945611205,2174.205811,-0.02223416037952863
184,2020-09-25,11050.25,0.02264576999782526,2050.839111,0.00880693598464501,1044.0,0.013198627368719552,160.93663,0.01854170784629984,504.649994,-0.0009898009454932565,180.533218,0.03317263444425029,990.016602,0.03695912892352271,313.195862,0.030193597051686418,738.126465,0.02726605949973615,347.632111,0.038576043602302275,2194.639893,0.009398412007095965
185,2020-09-28,11227.55,0.016044885862310742,2035.302734,-0.007575619616706089,1054.199951,0.009770077397435722,166.547806,0.034865748089791614,509.799988,0.010205106064174655,185.537033,0.027716865934334603,988.988892,-0.0010380735009129372,310.851135,-0.007486455871501833,744.864075,0.009127988657065567,361.940216,0.04115875532568397,2209.143311,0.006608563913496574
186,2020-09-29,11222.4,-0.00045869312539241746,2005.611084,-0.014588321188783018,1062.550049,0.007920881909591412,175.188034,0.051878365782855033,493.100006,-0.03275794387088324,183.357147,-0.011749061439394744,987.61853,-0.001385619202687668,310.80127,-0.00016041440543561517,734.11261,-0.014434130146496782,356.007568,-0.016391237386010813,2237.851074,0.012994975408365594
187,2020-09-30,11247.55,0.0022410536070715387,2040.185669,0.017238927963563286,1078.599976,0.015105054973089454,174.045944,-0.006519223795844391,502.899994,0.019874234649149464,183.703949,0.0018914015934159182,986.88446,-0.00074327280999879,312.846649,0.0065809866220946445,756.666809,0.030723078030221992,353.714294,-0.0064416439596587365,2227.185303,-0.0047660772085854845
188,2020-10-01,11416.95,0.015061057741463827,2066.572754,0.012933668440546154,1106.949951,0.026284029941065153,172.903854,-0.006562002961700711,505.649994,0.005468291761580643,188.559128,0.026429366523851878,996.085327,0.009323145082252097,312.347778,-0.001594618326885158,786.054321,0.03883811428023139,368.122131,0.040732979255851134,2218.114502,-0.00407276439359671
189,2020-10-05,11503.35,0.007567695400260107,2082.404785,0.007661008289863659,1114.349976,0.006685084183841337,177.819839,0.028431899499475624,507.100006,0.002867628041519628,187.0233,-0.008145073729869928,1026.477295,0.030511410193677018,333.200897,0.06676250150881494,803.973511,0.02279637618072463,372.010742,0.010563371969613988,2205.106201,-0.005864575966782011
190,2020-10-06,11662.4,0.01382640709010847,2087.188965,0.0022974303720684403,1144.099976,0.026697204583475735,175.684601,-0.012007872754850572,509.549988,0.004831355873507734,189.847244,0.015099423440822523,1033.37793,0.006722637737447659,329.309631,-0.011678437948502802,809.850952,0.007310490855214229,379.488861,0.020101889961016212,2203.262451,-0.0008361275294422883
191,2020-10-07,11738.85,0.006555254493071814,2110.321045,0.011082887265073442,1162.25,0.01586399054417257,171.662445,-0.02289418638347248,510.850006,0.0025513083539682865,188.95546,-0.004697376591887746,1043.949097,0.01022972011798223,334.547852,0.015906674165870213,808.847473,-0.0012390909679389625,381.532837,0.005386129106962079,2250.260986,0.021331337525708014
192,2020-10-08,11834.6,0.00815667633541616,2131.479736,0.010026290099381364,1191.800049,0.025424884213122143,173.052811,0.00809941860026519,509.399994,-0.002838436061131219,189.748154,0.004195136779852837,1070.523682,0.02545582449984156,358.643707,0.07202513737855364,822.179321,0.016482524140864718,386.368683,0.012674783219248843,2232.06958,-0.008084131624366133
193,2020-10-09,11914.2,0.00672604059283798,2110.616699,-0.009788053176218245,1233.550049,0.035031029439891614,168.832016,-0.024390213459173346,497.299988,-0.02375343811383379,196.485947,0.03550913596766802,1083.346069,0.01197767710850131,373.161072,0.0404785159104994,816.30188,-0.007148612048344106,400.32782,0.03612905914530345,2226.288086,-0.0025901943433142612
194,2020-10-12,11930.95,0.001405885414043746,2109.383789,-0.0005841468043839135,1213.650024,-0.01613237128959962,170.967239,0.01264702661608919,507.100006,0.019706448236820908,196.882278,0.0020170959096632163,1108.109863,0.022858618043317017,376.653198,0.009358226948174233,818.930054,0.003219610372574492,402.870361,0.006351147417134359,2229.876709,0.0016119310984805304
195,2020-10-13,11934.5,0.0002975454594981349,2109.186279,-9.363398023154413e-05,1198.449951,-0.01252422417445056,172.059677,0.006389750494830106,506.5,-0.001183230416800483,193.909729,-0.015098103446365115,1133.265503,0.022701395267700254,375.106689,-0.004105922923824366,829.729309,0.013187029767990298,395.09314,-0.01930452511000182,2273.386719,0.019512294031499282
196,2020-10-14,11971.05,0.0030625497507226337,2128.865479,0.009330233273340973,1211.5,0.010889075656167346,173.003159,0.005483457928379218,510.899994,0.00868705767138676,198.21994,0.02222792544875358,1112.906128,-0.017965229636042312,349.66391,-0.06782811329712125,811.236694,-0.02228752775081239,405.612335,0.02662459540552885,2280.164795,0.0029814883421952704
197,2020-10-15,11680.35,-0.024283584146753953,2123.341797,-0.0025946599512688177,1169.25,-0.03487407548091011,172.456924,-0.003157370091721991,506.549988,-0.008514358286740699,191.0858,-0.03599103097296872,1084.765381,-0.02528582266913364,340.83374,-0.025253306811103295,776.401855,-0.042940413393085616,389.85849,-0.03883965954832206,2199.424561,-0.035409823964061476
198,2020-10-16,11762.45,0.007028898962787961,2121.368896,-0.0009291490436384476,1199.349976,0.02574293420535286,178.564682,0.03541613672756925,466.950012,-0.07817586032585645,194.15744,0.01607466384210654,1103.607422,0.017369692405403293,338.888092,-0.005708495878371683,786.293213,0.01273999789709426,394.943604,0.013043486625108448,2168.822998,-0.013913440607431554
199,2020-10-19,11873.05,0.009402802987472723,2148.249023,0.012671123372594175,1203.550049,0.0035019851952674554,181.444748,0.016128978965728503,463.450012,-0.007495485228594463,202.133789,0.04108186119470878,1102.041382,-0.0014190190902865548,342.430145,0.010451984249715125,787.631165,0.0017015942372123373,415.882294,0.0530169112448774,2169.22168,0.00018382412966279693
200,2020-10-20,11896.8,0.002000328474991683,2143.613037,-0.0021580300748959193,1223.949951,0.016949791591829445,179.557816,-0.010399485357382741,455.950012,-0.016182976527415644,201.19249,-0.004656811731758588,1113.395508,0.010302812748641366,345.972198,0.010343870280462634,812.192383,0.031183654344098914,413.389587,-0.005993780057392864,2148.986816,-0.009328167880011238
201,2020-10-21,11937.65,0.0034336964561899304,2133.797607,-0.0045789187836517645,1246.699951,0.018587374007491768,184.672424,0.028484463188168895,454.200012,-0.0038380910363627987,201.886078,0.0034473851384810906,1124.015625,0.009538494563425108,342.679596,-0.009516955463571636,808.417419,-0.004647869247500632,419.072937,0.013748169230010186,2117.787354,-0.014518219361658494
202,2020-10-22,11896.45,-0.0034512655338361327,2149.77832,0.007489329328880405,1233.300049,-0.010748301990228604,183.182739,-0.0080666347889602,454.5,0.0006604172205780345,201.440201,-0.0022085574419846614,1105.124634,-0.016806697860628037,343.677368,0.0029116761302590004,800.341858,-0.009989345615522905,411.69455,-0.01760645068808161,2100.193848,-0.00830749412436059
203,2020-10-23,11930.35,0.002849589583447132,2114.759766,-0.016289379083513956,1235.800049,0.002027007077849926,180.997849,-0.01192737924941714,450.950012,-0.00781070062821516,200.944778,-0.002459404813639896,1110.516479,0.004878947436438989,341.631927,-0.0059516313567670905,810.663269,0.012896252890974012,415.732727,0.009808672473317947,2106.274414,0.0028952403635457606
204,2020-10-26,11767.75,-0.013629105600422482,2137.348877,0.010681644016107963,1210.900024,-0.020148814349208028,171.215515,-0.05404668648852281,433.399994,-0.03891790739764321,194.900574,-0.03007893044127779,1100.57373,-0.00895326560930738,339.03775,-0.007593485254087514,782.948303,-0.03418801253224167,403.269226,-0.029979600331055987,2022.593384,-0.03972940536322726
205,2020-10-27,11889.4,0.010337575152429277,2147.164063,0.0045922245570769625,1233.099976,0.01833339977567972,173.251434,0.011890972614251568,438.549988,0.011882803056336438,192.869324,-0.010421980594064335,1079.204346,-0.01941658556578493,333.300659,-0.016921687924132404,791.931763,0.011473886545993364,408.753174,0.013598726722579118,2027.976196,0.002661341643150583
206,2020-10-28,11729.6,-0.013440543677561465,2148.802246,0.0007629519458849225,1209.599976,-0.01905771972096394,169.278915,-0.02292921281101764,450.75,0.02781892168720164,188.707748,-0.02157717937560665,1065.057007,-0.01310904561535177,334.897064,0.004789684499243683,768.660706,-0.02938517949052138,394.893707,-0.033906689615087846,2005.0,-0.011329618190449446
207,2020-10-29,11670.8,-0.005012958668667396,2106.855713,-0.019520890336969736,1187.199951,-0.018518516811795484,166.746429,-0.014960433790587598,450.25,-0.0011092578096582862,186.973755,-0.009188774803247602,1063.375122,-0.0015791502135060766,336.693054,0.005362812019158274,783.219849,0.01894092268065014,398.732483,0.009721036147076397,2020.400513,0.007681053865336682
208,2020-10-30,11642.4,-0.002433423587071978,2056.420654,-0.023938544385739773,1183.550049,-0.0030743630945534086,169.477539,0.016378821521868998,453.25,0.006663005213990089,187.518723,0.0029146764475045336,1049.277222,-0.01325769214299898,339.93576,0.009631045135846486,792.033142,0.011252642551453066,391.453827,-0.01825448467412677,2047.911987,0.013616841721718523
209,2020-11-02,11669.15,0.0022976362262076546,2057.115479,0.00033788077290923627,1215.25,0.026783794685944967,169.576859,0.0005860363596618301,445.350006,-0.01742969773574308,194.256531,0.035931388035316356,1060.852417,0.011031588942659924,334.048981,-0.01731732783864807,793.3479,0.0016599785164040312,416.231262,0.06329593247277163,1871.429688,-0.0861767010107354
210,2020-11-03,11813.5,0.012370224052308898,2040.932617,-0.007866773725248952,1247.949951,0.02690804175798227,178.51503,0.05270867176517276,417.049988,-0.06354553374394316,202.876938,0.04437640760711412,1051.206543,-0.009092569188160739,334.897064,0.0025387983446654313,786.969116,-0.00804033640222656,442.554199,0.06324113396364728,1844.466553,-0.014407773464797127
211,2020-11-04,11908.5,0.008041647267956151,2045.251465,0.0021161149388402942,1257.400024,0.007572438385517126,175.287354,-0.018080696062398795,401.350006,-0.037645303761606345,205.106354,0.010989006547407644,1082.271118,0.029551352402493444,342.180725,0.02174895447874095,805.228821,0.023202568726979185,435.774017,-0.015320568679091819,1907.065063,0.033938544398207926
212,2020-11-05,12120.3,0.017785615316790467,2087.247559,0.020533462373048518,1269.199951,0.009384343551513411,186.06282,0.06147315110934925,418.399994,0.04248155160479362,216.649765,0.05628012382298011,1092.213989,0.009187042723984247,344.625214,0.0071438535878957906,818.716736,0.016750412613460004,437.219788,0.0033177081321945343,1948.731079,0.021848240423667127
213,2020-11-06,12263.55,0.011819014380832158,2079.106445,-0.0039004065257598973,1307.650024,0.030294770078856066,186.857315,0.004270036324290968,422.399994,0.009560262897105576,217.194748,0.0025155023823820073,1100.870483,0.007925639194500225,344.974426,0.0010133094904656798,828.893494,0.012430133100393911,441.507233,0.009806154976681868,2022.643311,0.037928389810423985
214,2020-11-09,12461.05,0.016104635280974923,2117.230713,0.01833685239718452,1340.550049,0.025159696848413824,193.362305,0.03481260554343293,426.75,0.01029826111770587,217.492004,0.0013686150458850155,1124.416504,0.02138854784791256,351.160522,0.017932042301593745,849.928589,0.025377319465364215,461.349152,0.04494132262607806,2044.124146,0.01062017948650565
215,2020-11-10,12631.1,0.01364652256431048,2121.251709,0.0018991770595952978,1393.650024,0.03961054528010744,191.028458,-0.01206981371058848,432.799988,0.014176884760126907,229.580399,0.05558087091790276,1079.402222,-0.04003345898949923,341.532166,-0.027418674357705838,799.823975,-0.05895155739960639,482.437408,0.04570997022229273,2077.865723,0.016506618282468924
216,2020-11-11,12749.15,0.009345979368384327,2115.840576,-0.002550915092745395,1389.949951,-0.0026549181476217825,202.648071,0.060826607311042565,435.700012,0.0067006269640128464,232.057526,0.01078980178965538,1110.516479,0.028825452056555016,345.972198,0.013000333327315277,815.600342,0.019724798822140753,485.129517,0.005580224409132088,1990.795654,-0.04190360716586106
217,2020-11-12,12690.8,-0.004576775706615764,2176.352783,0.028599606079205732,1371.699951,-0.013129992419110125,207.166824,0.022298524618080396,429.600006,-0.014000443954614198,224.72522,-0.03159693256404013,1105.817139,-0.0042316706585313925,344.774872,-0.0034607578496812495,821.200012,0.006865703349594795,475.308289,-0.020244548426436026,1973.650879,-0.008612021512881995
218,2020-11-13,12719.95,0.002296939515239501,2169.651367,-0.003079195639763097,1358.800049,-0.009404352877049292,209.103424,0.009348021862805594,425.350006,-0.009892920338196661,227.350967,0.011684255999393347,1112.198242,0.005770486615689847,343.378021,-0.004051487255718643,816.9151,-0.005217866460527965,484.132416,0.01856506020243206,1989.998291,0.008282828626855681
219,2020-11-17,12874.2,0.01212661999457545,2161.957031,-0.0035463467158961402,1408.449951,0.03653958941749843,212.082809,0.014248379787410883,429.649994,0.010109265993703419,238.00264,0.046851232438347254,1111.703613,-0.00044473096730540576,347.917816,0.013220983063444316,823.147705,0.007629440317604511,484.97995,0.001750624358109489,1986.858398,-0.001577837033428904
220,2020-11-18,12938.25,0.004975066411893498,2116.783936,-0.02089453876847199,1408.699951,0.00017748535525304382,217.842957,0.02715990054620606,426.299988,-0.0077970201987476,249.694687,0.04912570297539545,1098.694092,-0.011702328613372916,344.525421,-0.009750564196459607,814.236938,-0.010825234579254479,496.197113,0.023129127296912022,1980.827759,-0.0030352636131848105
221,2020-11-19,12771.7,-0.012872683709156901,2115.443604,-0.0006331926358684168,1374.349976,-0.024384222319823866,212.380753,-0.025074044509963266,416.5,-0.02298847092398824,237.556747,-0.04861112643538141,1085.041382,-0.012426306921471862,341.831512,-0.007819187890927849,801.382141,-0.015787538491652122,477.352295,-0.03797849182568697,1966.822876,-0.007070217456499237
222,2020-11-20,12859.05,0.00683934010350999,2105.019043,-0.004927836875579628,1403.650024,0.02131923745623318,214.069061,0.007949439749844028,420.399994,0.009363664324076832,240.529312,0.01251307335000678,1091.570801,0.006017668181433435,345.523193,0.010799709419417181,815.649048,0.017802876143704762,478.798065,0.003028727451703111,1893.409058,-0.03732609524519278
223,2020-11-23,12926.45,0.005241444741252383,2114.103027,0.004315392789537025,1394.599976,-0.006447553154498123,216.551895,0.011598285097349947,426.450012,0.014391166541351991,236.516357,-0.01668385015793836,1127.681152,0.03308108916702329,355.051788,0.027577294934294023,843.111694,0.03366968436650473,466.882935,-0.024885501573612318,1944.444824,0.026954432157364257
224,2020-11-24,13055.15,0.009956329850809688,2141.852539,0.013125903347944957,1438.199951,0.031263444392381476,224.447266,0.03645948699733157,427.450012,0.0023449309846905668,241.619247,0.021575209701035613,1127.87915,0.00017557977239285313,354.702545,-0.0009836396035836927,854.700562,0.013745353174996922,476.803925,0.021249416623034246,1957.752075,0.006843727749818721
225,2020-11-25,12858.4,-0.015070680919024294,2120.50708,-0.009965886358341926,1402.800049,-0.024614008326133845,221.91478,-0.01128321162085354,418.600006,-0.020704242047261425,240.777023,-0.003485748798811493,1103.739624,-0.021402582005350425,349.214905,-0.01547110410499028,839.703186,-0.017546935929123715,471.319977,-0.011501474112235965,1941.554199,-0.008273711573004041
226,2020-11-26,12987.0,0.010001244322777356,2138.725098,0.00859134976337831,1426.650024,0.01700168890692902,228.320465,0.02886551765502057,420.549988,0.00465834372844856,243.204605,0.010082282643722082,1101.315674,-0.0021961248353262928,354.054016,0.0138571147185141,834.639099,-0.006030805985294871,473.912354,0.005500248507395644,1946.338745,0.002464286602179006
227,2020-11-27,12968.95,-0.0013898513898513338,2122.839844,-0.007427440775279949,1440.849976,0.009953377928011799,224.794861,-0.015441471705131712,417.700012,-0.006776745890765878,242.015579,-0.004888994597779035,1088.256592,-0.011857710108282713,349.713776,-0.012258694447346685,853.921387,0.023102545786678984,471.968048,-0.004102670005517482,1923.611938,-0.011676696596819794
228,2020-12-01,13109.05,0.010802724970024446,2117.727051,-0.002408468549547461,1433.300049,-0.005239956676572301,227.724594,0.013032918043442279,433.049988,0.036748793386872515,245.780823,0.015557857950954454,1125.702515,0.03440909365977909,352.058502,0.006704700131687063,883.575195,0.03472662525080898,483.683746,0.024823074463718727,1948.63147,0.013006538120164248
229,2020-12-02,13113.75,0.00035853093855014117,2123.932129,0.002930065041701145,1406.949951,-0.018384149374192985,230.25708,0.011120827818887256,441.950012,0.020551987271401735,244.690887,-0.004434585199513286,1128.719971,0.0026805092462639105,358.09491,0.01714603671181914,884.938599,0.0015430537295696104,479.047333,-0.009585629118907802,1951.870972,0.001662449801244307
230,2020-12-03,13133.9,0.00153655514250307,2112.465088,-0.0053989677181440114,1377.199951,-0.021145050801646893,240.337341,0.04377828903241545,454.75,0.02896249135470554,253.955338,0.03786185547645674,1114.424194,-0.01266547714871614,359.491791,0.0039008680687473347,891.219971,0.007098087943161391,480.443237,0.002913916650486874,1957.752075,0.0030130593078978207
231,2020-12-04,13258.55,0.009490707253747907,2168.509521,0.026530347563310845,1385.599976,0.006099308422802716,250.963821,0.04421485215649443,455.700012,0.0020890976168798816,261.089478,0.028092104919645255,1122.536743,0.007279588009375131,359.990662,0.001387711798960128,898.962036,0.00868704164170938,500.584259,0.041921751517963325,1940.507568,-0.008808320123987155
232,2020-12-07,13355.75,0.007331118410384298,2239.942627,0.032941107847688327,1372.25,-0.00963482277168223,249.523788,-0.0057380103405422715,475.950012,0.04443711828959679,267.133698,0.02314999457772096,1131.292236,0.007799738453639299,357.645966,-0.006513213389962874,919.607666,0.022966075510668153,508.959747,0.016731425028688365,1951.920776,0.0058815580975873525
233,2020-12-08,13392.95,0.002785317185481963,2243.765137,0.0017065213876122935,1376.300049,0.0029514802674226776,244.011917,-0.022089561256580414,472.799988,-0.006618373528823012,269.412628,0.008531046502414692,1141.037109,0.0086139307686366,362.884186,0.014646383569163514,907.921509,-0.012707763791086079,506.91571,-0.004016107387761656,1987.356812,0.018154443784659045
234,2020-12-09,13529.1,0.010165796183813098,2275.733643,0.014247705997760212,1407.199951,0.02245141260080388,239.344208,-0.019129020653528173,492.600006,0.04187818702559068,267.876831,-0.005700538283602662,1162.653809,0.018944782627573428,358.693573,-0.01154807280579591,905.194702,-0.003003351030865387,510.006683,0.006097607430631849,2020.450317,0.016652019808509378
235,2020-12-10,13478.3,-0.003754869133940993,2333.565186,0.02541226350363349,1385.849976,-0.015172016180723587,241.032532,0.007053958038541691,438.450012,-0.1099269056996022,267.084137,-0.002959173426984371,1155.283325,-0.006339362536763346,355.101654,-0.010013892833256922,903.052185,-0.0023669128810256757,505.469971,-0.008895397160903522,2000.564331,-0.00984235337671013
236,2020-12-11,13513.85,0.0026375729876914073,2357.690674,0.010338467570881962,1382.800049,-0.0022007339942668306,241.975998,0.003914268303002355,435.0,-0.007868645863279318,269.957611,0.010758684631277774,1150.78186,-0.0038964164915996275,352.707031,-0.00674348590896742,895.358826,-0.00851928507320979,513.945129,0.01676688722622449,1999.368286,-0.0005978538062818937
237,2020-12-14,13558.15,0.003278118374852412,2353.719482,-0.0016843566646775369,1372.150024,-0.007701779295565775,244.657455,0.01108149990975549,442.149994,0.016436778058523574,271.69162,0.006423263984211265,1152.117554,0.0011606839197133988,348.566345,-0.011739731947674045,885.6203,-0.010876673929162762,524.264893,0.020079505413505103,1984.914673,-0.007229089858635432
238,2020-12-15,13567.85,0.0007154368405719606,2303.383789,-0.021385595600894973,1391.300049,0.013956221259770963,242.869827,-0.007306656566013949,448.799988,0.015040148258318278,268.174072,-0.012946840244833377,1142.273682,-0.008544155903035498,351.908844,0.009589276325572898,902.808716,0.01940833560386992,516.537537,-0.014739411513484627,1968.019043,-0.008512018289664778
239,2020-12-16,13682.7,0.00846486362983084,2327.111816,0.010301377961117582,1410.699951,0.013943711144222546,249.722412,0.028215052831573044,459.649994,0.024175557225945384,266.935516,-0.004618477807205824,1153.255127,0.00961367242635981,357.596039,0.016160989122512737,897.452576,-0.00593275176133765,510.953918,-0.010809706168556836,1970.212036,0.0011143149289129554
240,2020-12-17,13740.7,0.0042389294510586355,2298.667725,-0.012222915463036048,1441.800049,0.02204585435962608,244.160889,-0.022270820450028306,455.399994,-0.009246162870066509,265.251068,-0.006310318032015012,1146.824585,-0.005575992553120323,356.099396,-0.004185289647461688,905.7789310000001,0.009277766004206149,508.909882,-0.004000431209140871,1979.23291,0.004578631048419831
241,2020-12-18,13760.55,0.0014446134476408439,2316.687256,0.00783911950562597,1411.349976,-0.02111948101567663,248.18306,0.016473445097916622,460.299988,0.010759755473363632,268.966766,0.014008230119548593,1177.098022,0.026397617731572984,362.734497,0.01863272185948881,909.382263,0.0039781583305561665,515.640198,0.013224966222998345,1985.16394,0.00299663064919427
242,2020-12-21,13328.4,-0.031404994713147345,2289.38501,-0.011785037418965366,1372.650024,-0.027420537958275634,230.703979,-0.07042817910295733,437.299988,-0.049967412778210485,252.36998,-0.061705712742220385,1164.731445,-0.010505987410452049,353.156036,-0.026406258790434275,883.136963,-0.028860580492760204,493.056305,-0.04379777427670611,1933.480103,-0.026035047261638158
243,2020-12-22,13466.3,0.010346328141412295,2294.398682,0.0021899645442336685,1373.099976,0.0003277870873994984,230.306717,-0.0017219555628037607,444.649994,0.016807692109439457,255.094849,0.010797120164609169,1207.470215,0.03669409818329423,363.383057,0.028958930210667665,919.948547,0.041682757649449585,498.839355,0.011728984988844232,1930.489746,-0.0015466189671982007
244,2020-12-23,13601.1,0.01001017354432926,2353.32251,0.025681599480625903,1375.650024,0.0018571496900678336,234.577179,0.01854249869750872,451.950012,0.016417467625159374,260.594055,0.021557495267182033,1239.672729,0.026669406499604493,384.68515,0.05862159115470266,923.356995,0.003705041995136736,502.129761,0.006596123515555346,1937.616821,0.0036918481513654746
245,2020-12-24,13749.25,0.01089250134180321,2384.993164,0.013457846880494086,1397.099976,0.01559261447749078,235.322037,0.003175321670996792,449.399994,-0.005642283639479076,264.408844,0.014638818218627288,1222.854248,-0.0135668718094385,381.342682,-0.008688840731179762,922.48053,-0.0009492157472635373,512.050659,0.019757637906668558,1987.755615,0.025876527008123016
246,2020-12-28,13873.2,0.009015037183846445,2371.739014,-0.005557311526113772,1412.849976,0.011273353346157748,238.251755,0.01244982423809296,453.399994,0.008900789987383619,272.682465,0.03129101460766567,1227.058838,0.0034383410834745902,382.041077,0.001831410521206614,922.334473,-0.00015833071295287025,518.581543,0.012754370852201198,1996.876221,0.004588394031526834
247,2020-12-29,13932.6,0.004281636536631753,2367.172119,-0.0019255470239527737,1427.199951,0.010156809277137718,233.981308,-0.017924094619995518,454.700012,0.002867267612235316,275.357758,0.009811019568126652,1236.952148,0.008062620710287535,384.136383,0.005484504484317666,940.399414,0.019586106264944926,527.256165,0.016727594950289235,1983.668701,-0.006614090478470338
248,2020-12-30,13981.95,0.0035420524525214504,2389.312012,0.009352886856978071,1432.5,0.003713607668423831,235.768936,0.007640046186937222,467.100006,0.02727071143979088,274.366882,-0.003598504023264216,1233.489502,-0.0027993370686156703,383.53772,-0.0015584647185060952,957.539185,0.01822605453048485,527.206299,-9.457641903545209e-05,1989.101196,0.0027386100296190622
249,2020-12-31,13981.75,-1.4304156430306758e-05,2378.192383,-0.004653904113047168,1436.300049,0.002652666783042083,238.897308,0.013268804843739096,466.350006,-0.0016056777376045014,272.434753,-0.00704213637562851,1242.393433,0.007218489484963657,385.383575,0.004812707860911382,947.751953,-0.010221233922661888,533.487915,0.011914910751094989,1978.93396,-0.005111472468291654
